 ,Label,Bone Code,Slice,CSA (inches²),X cent. (inches),Y cent. (inches),Density,wX cent. (inches),wY cent. (inches),Theta (rad),R1 (inches),R2 (inches),Imin (inches^4),Imax (inches^4),Ipm (inches^4),Zmax (inches³),Zmin (inches³),Zpol (inches³),Feret Min (inches),Feret Max (inches),Feret Angle (rad),Perimeter (inches),Max Thick 2D (inches),Mean Thick 2D (inches),SD Thick 2D (inches),M (rad),P (rad),IML(inches^4),IAP(inches^4),ZML(inches³),ZPA(inches³),RML(inches),RAP(inches),DML(inches),DPA(inches)
1,TrimmedRawStackdistal.tif,5,1,1.152,0.783,1.22,1.8,0.783,1.22,1.387,0.586,0.803,0.106,0.214,0.186,0.266,0.18,0.396,1.147,1.589,1.78,4.63,0.442,0.304,0.121,6.144,1.431,0.106,0.214,0.18,0.267,0.588,0.801,1.588,1.15
2,TrimmedRawStackdistal.tif,5,2,1.15,0.782,1.219,1.8,0.782,1.219,1.388,0.57,0.804,0.105,0.214,0.185,0.267,0.185,0.396,1.133,1.59,1.782,4.612,0.437,0.305,0.123,6.144,1.431,0.105,0.214,0.185,0.267,0.571,0.802,1.589,1.133
3,TrimmedRawStackdistal.tif,5,3,1.151,0.782,1.219,1.8,0.782,1.219,1.389,0.569,0.804,0.105,0.214,0.185,0.267,0.185,0.395,1.131,1.591,1.771,4.607,0.47,0.316,0.13,6.144,1.431,0.105,0.214,0.185,0.267,0.57,0.802,1.589,1.133
4,TrimmedRawStackdistal.tif,5,4,1.149,0.782,1.219,1.8,0.782,1.219,1.389,0.568,0.805,0.105,0.215,0.185,0.267,0.185,0.395,1.131,1.592,1.771,4.606,0.433,0.303,0.122,6.144,1.431,0.105,0.214,0.184,0.267,0.57,0.802,1.59,1.132
5,TrimmedRawStackdistal.tif,5,5,1.147,0.782,1.219,1.8,0.782,1.219,1.389,0.568,0.804,0.105,0.215,0.185,0.267,0.184,0.395,1.13,1.593,1.785,4.588,0.467,0.312,0.128,6.144,1.431,0.105,0.214,0.184,0.267,0.569,0.802,1.59,1.132
6,TrimmedRawStackdistal.tif,5,6,1.147,0.782,1.219,1.8,0.782,1.219,1.39,0.566,0.805,0.105,0.215,0.185,0.267,0.185,0.395,1.129,1.593,1.783,4.599,0.462,0.312,0.127,6.144,1.431,0.105,0.215,0.184,0.268,0.568,0.802,1.59,1.131
7,TrimmedRawStackdistal.tif,5,7,1.146,0.782,1.219,1.8,0.782,1.219,1.39,0.566,0.805,0.104,0.215,0.185,0.267,0.184,0.395,1.128,1.594,1.777,4.605,0.457,0.305,0.126,6.144,1.431,0.105,0.215,0.184,0.268,0.567,0.803,1.591,1.131
8,TrimmedRawStackdistal.tif,5,8,1.146,0.782,1.219,1.8,0.782,1.219,1.391,0.565,0.806,0.104,0.215,0.185,0.267,0.185,0.395,1.128,1.594,1.79,4.607,0.456,0.311,0.124,6.144,1.431,0.104,0.215,0.184,0.268,0.566,0.803,1.593,1.13
9,TrimmedRawStackdistal.tif,5,9,1.145,0.782,1.219,1.8,0.782,1.219,1.391,0.564,0.806,0.104,0.216,0.185,0.268,0.185,0.395,1.126,1.595,1.789,4.612,0.453,0.307,0.123,6.144,1.431,0.104,0.216,0.185,0.268,0.565,0.804,1.593,1.129
10,TrimmedRawStackdistal.tif,5,10,1.144,0.782,1.218,1.8,0.782,1.218,1.392,0.563,0.806,0.104,0.216,0.185,0.268,0.185,0.395,1.126,1.595,1.789,4.603,0.451,0.305,0.124,6.144,1.431,0.104,0.216,0.184,0.268,0.564,0.804,1.593,1.127
11,TrimmedRawStackdistal.tif,5,11,1.143,0.782,1.218,1.8,0.782,1.218,1.393,0.561,0.807,0.104,0.216,0.184,0.268,0.185,0.395,1.124,1.595,1.785,4.606,0.446,0.312,0.118,6.144,1.431,0.104,0.216,0.184,0.268,0.563,0.805,1.594,1.126
12,TrimmedRawStackdistal.tif,5,12,1.142,0.782,1.218,1.8,0.782,1.218,1.393,0.561,0.807,0.103,0.216,0.184,0.268,0.184,0.394,1.123,1.596,1.742,4.62,0.443,0.309,0.121,6.144,1.431,0.104,0.216,0.184,0.268,0.563,0.806,1.595,1.125
13,TrimmedRawStackdistal.tif,5,13,1.141,0.782,1.218,1.8,0.782,1.218,1.394,0.561,0.808,0.103,0.217,0.184,0.268,0.184,0.394,1.123,1.597,1.749,4.605,0.443,0.306,0.119,6.144,1.431,0.103,0.216,0.184,0.269,0.563,0.806,1.596,1.125
14,TrimmedRawStackdistal.tif,5,14,1.139,0.782,1.218,1.8,0.782,1.218,1.394,0.561,0.807,0.103,0.217,0.184,0.268,0.184,0.394,1.121,1.596,1.779,4.603,0.439,0.308,0.12,6.144,1.431,0.103,0.216,0.184,0.269,0.561,0.805,1.595,1.123
15,TrimmedRawStackdistal.tif,5,15,1.138,0.782,1.218,1.8,0.782,1.218,1.395,0.561,0.807,0.103,0.217,0.184,0.268,0.183,0.394,1.12,1.597,1.744,4.615,0.435,0.303,0.121,6.144,1.431,0.103,0.217,0.184,0.269,0.56,0.805,1.597,1.122
16,TrimmedRawStackdistal.tif,5,16,1.137,0.781,1.218,1.8,0.781,1.218,1.396,0.56,0.808,0.103,0.217,0.184,0.268,0.183,0.394,1.119,1.599,1.756,4.617,0.431,0.293,0.118,6.144,1.431,0.103,0.217,0.184,0.269,0.56,0.806,1.597,1.121
17,TrimmedRawStackdistal.tif,5,17,1.136,0.781,1.217,1.8,0.781,1.217,1.397,0.56,0.808,0.103,0.217,0.184,0.268,0.183,0.393,1.118,1.599,1.746,4.62,0.427,0.3,0.119,6.144,1.431,0.103,0.217,0.184,0.269,0.559,0.806,1.598,1.119
18,TrimmedRawStackdistal.tif,5,18,1.135,0.781,1.217,1.8,0.781,1.217,1.398,0.56,0.808,0.102,0.217,0.184,0.269,0.183,0.393,1.116,1.599,1.736,4.623,0.392,0.296,0.112,6.144,1.431,0.102,0.217,0.183,0.269,0.559,0.807,1.598,1.117
19,TrimmedRawStackdistal.tif,5,19,1.134,0.781,1.216,1.8,0.781,1.216,1.399,0.56,0.809,0.102,0.217,0.184,0.269,0.182,0.392,1.115,1.6,1.741,4.623,0.42,0.3,0.12,6.144,1.431,0.102,0.217,0.183,0.269,0.559,0.807,1.599,1.115
20,TrimmedRawStackdistal.tif,5,20,1.134,0.781,1.216,1.8,0.781,1.216,1.399,0.56,0.809,0.102,0.218,0.183,0.269,0.182,0.392,1.113,1.6,1.741,4.619,0.422,0.303,0.119,6.144,1.431,0.102,0.217,0.183,0.269,0.558,0.808,1.6,1.115
21,TrimmedRawStackdistal.tif,5,21,1.133,0.781,1.216,1.8,0.781,1.216,1.4,0.559,0.809,0.102,0.218,0.183,0.269,0.182,0.392,1.111,1.601,1.777,4.615,0.42,0.301,0.119,6.144,1.431,0.102,0.218,0.182,0.27,0.558,0.808,1.599,1.113
22,TrimmedRawStackdistal.tif,5,22,1.132,0.781,1.216,1.8,0.781,1.216,1.4,0.56,0.81,0.101,0.218,0.183,0.269,0.181,0.392,1.11,1.601,1.758,4.619,0.417,0.298,0.12,6.144,1.431,0.102,0.218,0.182,0.27,0.559,0.808,1.599,1.112
23,TrimmedRawStackdistal.tif,5,23,1.131,0.781,1.216,1.8,0.781,1.216,1.4,0.56,0.81,0.101,0.218,0.183,0.269,0.181,0.392,1.108,1.603,1.781,4.625,0.41,0.292,0.118,6.144,1.431,0.101,0.218,0.182,0.27,0.558,0.808,1.6,1.11
24,TrimmedRawStackdistal.tif,5,24,1.13,0.781,1.216,1.8,0.781,1.216,1.401,0.56,0.81,0.101,0.218,0.183,0.27,0.181,0.391,1.108,1.602,1.784,4.618,0.392,0.281,0.111,6.144,1.431,0.101,0.218,0.181,0.27,0.559,0.808,1.601,1.11
25,TrimmedRawStackdistal.tif,5,25,1.13,0.781,1.216,1.8,0.781,1.216,1.402,0.56,0.81,0.101,0.219,0.183,0.27,0.18,0.391,1.106,1.603,1.729,4.616,0.417,0.295,0.117,6.144,1.431,0.101,0.218,0.181,0.27,0.558,0.809,1.602,1.107
26,TrimmedRawStackdistal.tif,5,26,1.128,0.781,1.216,1.8,0.781,1.216,1.403,0.559,0.81,0.101,0.219,0.183,0.27,0.18,0.391,1.104,1.604,1.755,4.618,0.416,0.297,0.116,6.144,1.431,0.101,0.219,0.181,0.27,0.558,0.809,1.604,1.105
27,TrimmedRawStackdistal.tif,5,27,1.126,0.78,1.215,1.8,0.78,1.215,1.404,0.559,0.812,0.1,0.219,0.183,0.269,0.18,0.39,1.104,1.607,1.699,4.631,0.415,0.294,0.116,6.144,1.431,0.101,0.219,0.18,0.269,0.558,0.812,1.607,1.105
28,TrimmedRawStackdistal.tif,5,28,1.125,0.78,1.215,1.8,0.78,1.215,1.405,0.559,0.814,0.1,0.219,0.182,0.269,0.18,0.39,1.102,1.609,1.696,4.627,0.413,0.288,0.117,6.144,1.431,0.1,0.219,0.18,0.269,0.557,0.814,1.609,1.102
29,TrimmedRawStackdistal.tif,5,29,1.124,0.78,1.215,1.8,0.78,1.215,1.406,0.559,0.813,0.1,0.219,0.182,0.269,0.179,0.39,1.101,1.608,1.768,4.638,0.41,0.285,0.117,6.144,1.431,0.1,0.219,0.18,0.27,0.558,0.812,1.607,1.101
30,TrimmedRawStackdistal.tif,5,30,1.122,0.78,1.215,1.8,0.78,1.215,1.407,0.559,0.813,0.1,0.219,0.182,0.27,0.179,0.39,1.099,1.607,1.723,4.637,0.407,0.285,0.116,6.144,1.431,0.1,0.219,0.179,0.27,0.558,0.812,1.607,1.099
31,TrimmedRawStackdistal.tif,5,31,1.121,0.78,1.215,1.8,0.78,1.215,1.408,0.559,0.815,0.1,0.219,0.182,0.269,0.178,0.389,1.097,1.61,1.686,4.643,0.409,0.286,0.116,6.144,1.431,0.1,0.219,0.179,0.27,0.558,0.814,1.61,1.099
32,TrimmedRawStackdistal.tif,5,32,1.122,0.78,1.214,1.8,0.78,1.214,1.409,0.559,0.815,0.1,0.22,0.182,0.27,0.178,0.39,1.095,1.609,1.738,4.631,0.405,0.28,0.118,6.144,1.431,0.1,0.22,0.178,0.27,0.558,0.814,1.609,1.098
33,TrimmedRawStackdistal.tif,5,33,1.122,0.78,1.214,1.8,0.78,1.214,1.41,0.559,0.821,0.099,0.22,0.182,0.268,0.178,0.389,1.093,1.615,1.711,4.644,0.402,0.281,0.116,6.144,1.431,0.099,0.22,0.178,0.269,0.558,0.82,1.615,1.097
34,TrimmedRawStackdistal.tif,5,34,1.121,0.78,1.214,1.8,0.78,1.214,1.411,0.559,0.819,0.099,0.22,0.182,0.269,0.177,0.389,1.091,1.614,1.706,4.649,0.398,0.28,0.116,6.144,1.431,0.099,0.22,0.178,0.269,0.558,0.818,1.614,1.097
35,TrimmedRawStackdistal.tif,5,35,1.12,0.78,1.213,1.8,0.78,1.213,1.412,0.559,0.819,0.099,0.22,0.182,0.269,0.177,0.389,1.09,1.614,1.693,4.66,0.408,0.284,0.118,6.144,1.431,0.099,0.22,0.178,0.269,0.558,0.818,1.614,1.098
36,TrimmedRawStackdistal.tif,5,36,1.119,0.78,1.213,1.8,0.78,1.213,1.413,0.558,0.816,0.099,0.221,0.182,0.27,0.177,0.389,1.088,1.614,1.69,4.644,0.39,0.274,0.113,6.144,1.431,0.099,0.22,0.177,0.27,0.558,0.816,1.613,1.097
37,TrimmedRawStackdistal.tif,5,37,1.118,0.78,1.213,1.8,0.78,1.213,1.413,0.558,0.818,0.099,0.221,0.182,0.27,0.177,0.388,1.086,1.615,1.705,4.635,0.406,0.275,0.118,6.144,1.431,0.099,0.221,0.177,0.27,0.558,0.817,1.615,1.096
38,TrimmedRawStackdistal.tif,5,38,1.117,0.78,1.213,1.8,0.78,1.213,1.414,0.559,0.821,0.098,0.221,0.182,0.269,0.176,0.387,1.085,1.619,1.748,4.648,0.388,0.27,0.113,6.144,1.431,0.099,0.221,0.177,0.27,0.558,0.819,1.618,1.097
39,TrimmedRawStackdistal.tif,5,39,1.117,0.78,1.213,1.8,0.78,1.213,1.414,0.558,0.819,0.098,0.221,0.182,0.27,0.176,0.387,1.083,1.618,1.762,4.646,0.404,0.277,0.118,6.144,1.431,0.098,0.221,0.176,0.271,0.558,0.818,1.617,1.095
40,TrimmedRawStackdistal.tif,5,40,1.117,0.78,1.213,1.8,0.78,1.213,1.415,0.557,0.821,0.098,0.222,0.182,0.27,0.176,0.388,1.082,1.62,1.76,4.657,0.395,0.278,0.114,6.144,1.431,0.098,0.222,0.177,0.271,0.557,0.819,1.619,1.094
41,TrimmedRawStackdistal.tif,5,41,1.117,0.78,1.212,1.8,0.78,1.212,1.416,0.557,0.822,0.098,0.222,0.182,0.271,0.176,0.388,1.082,1.622,1.72,4.657,0.404,0.275,0.117,6.144,1.431,0.098,0.222,0.177,0.271,0.556,0.821,1.622,1.093
42,TrimmedRawStackdistal.tif,5,42,1.116,0.78,1.213,1.8,0.78,1.213,1.416,0.558,0.823,0.098,0.223,0.182,0.27,0.176,0.387,1.08,1.624,1.753,4.662,0.404,0.276,0.117,6.144,1.431,0.098,0.223,0.176,0.271,0.557,0.822,1.623,1.093
43,TrimmedRawStackdistal.tif,5,43,1.116,0.781,1.212,1.8,0.781,1.212,1.417,0.558,0.824,0.098,0.223,0.182,0.27,0.175,0.387,1.08,1.624,1.729,4.662,0.401,0.275,0.115,6.144,1.431,0.098,0.223,0.176,0.271,0.557,0.823,1.624,1.092
44,TrimmedRawStackdistal.tif,5,44,1.114,0.78,1.212,1.8,0.78,1.212,1.417,0.558,0.823,0.098,0.223,0.181,0.271,0.175,0.387,1.078,1.622,1.729,4.649,0.401,0.272,0.114,6.144,1.431,0.098,0.223,0.175,0.271,0.557,0.822,1.622,1.091
45,TrimmedRawStackdistal.tif,5,45,1.112,0.78,1.211,1.8,0.78,1.211,1.418,0.557,0.823,0.097,0.223,0.181,0.271,0.175,0.386,1.077,1.624,1.767,4.661,0.401,0.276,0.115,6.144,1.431,0.097,0.223,0.175,0.271,0.557,0.822,1.623,1.089
46,TrimmedRawStackdistal.tif,5,46,1.112,0.78,1.211,1.8,0.78,1.211,1.419,0.556,0.825,0.097,0.223,0.181,0.27,0.175,0.387,1.075,1.626,1.714,4.674,0.404,0.273,0.114,6.144,1.431,0.097,0.223,0.175,0.27,0.556,0.825,1.626,1.087
47,TrimmedRawStackdistal.tif,5,47,1.111,0.78,1.211,1.8,0.78,1.211,1.419,0.556,0.823,0.097,0.223,0.181,0.271,0.174,0.386,1.074,1.625,1.761,4.665,0.405,0.273,0.115,6.144,1.431,0.097,0.223,0.174,0.272,0.555,0.821,1.622,1.085
48,TrimmedRawStackdistal.tif,5,48,1.113,0.78,1.211,1.8,0.78,1.211,1.419,0.556,0.825,0.097,0.224,0.181,0.271,0.174,0.386,1.073,1.627,1.729,4.641,0.414,0.275,0.119,6.144,1.431,0.097,0.224,0.175,0.271,0.555,0.824,1.627,1.084
49,TrimmedRawStackdistal.tif,5,49,1.112,0.781,1.211,1.8,0.781,1.211,1.419,0.555,0.826,0.097,0.224,0.181,0.271,0.174,0.385,1.071,1.629,1.747,4.653,0.413,0.275,0.119,6.144,1.431,0.097,0.224,0.174,0.271,0.555,0.825,1.628,1.081
50,TrimmedRawStackdistal.tif,5,50,1.111,0.781,1.211,1.8,0.781,1.211,1.42,0.556,0.827,0.096,0.224,0.181,0.271,0.173,0.385,1.069,1.63,1.765,4.647,0.414,0.277,0.121,6.144,1.431,0.096,0.224,0.173,0.271,0.556,0.825,1.628,1.081
51,TrimmedRawStackdistal.tif,5,51,1.109,0.781,1.21,1.8,0.781,1.21,1.421,0.557,0.824,0.096,0.224,0.181,0.272,0.173,0.386,1.066,1.627,1.736,4.641,0.416,0.281,0.121,6.144,1.431,0.096,0.224,0.173,0.272,0.556,0.823,1.627,1.079
52,TrimmedRawStackdistal.tif,5,52,1.109,0.781,1.21,1.8,0.781,1.21,1.421,0.557,0.825,0.096,0.224,0.181,0.272,0.172,0.385,1.066,1.63,1.754,4.649,0.42,0.279,0.119,6.144,1.431,0.096,0.224,0.173,0.272,0.556,0.824,1.628,1.078
53,TrimmedRawStackdistal.tif,5,53,1.108,0.78,1.21,1.8,0.78,1.21,1.421,0.555,0.825,0.096,0.225,0.181,0.272,0.172,0.384,1.064,1.63,1.778,4.646,0.426,0.277,0.12,6.144,1.431,0.096,0.225,0.172,0.272,0.555,0.824,1.629,1.076
54,TrimmedRawStackdistal.tif,5,54,1.108,0.78,1.21,1.8,0.78,1.21,1.422,0.555,0.824,0.095,0.225,0.18,0.273,0.172,0.383,1.062,1.631,1.803,4.656,0.402,0.28,0.118,6.144,1.431,0.095,0.225,0.172,0.273,0.555,0.824,1.629,1.074
55,TrimmedRawStackdistal.tif,5,55,1.105,0.78,1.21,1.8,0.78,1.21,1.422,0.555,0.828,0.095,0.225,0.18,0.272,0.171,0.383,1.061,1.634,1.785,4.646,0.429,0.28,0.12,6.144,1.431,0.095,0.225,0.172,0.272,0.555,0.827,1.633,1.074
56,TrimmedRawStackdistal.tif,5,56,1.105,0.78,1.21,1.8,0.78,1.21,1.423,0.554,0.827,0.095,0.225,0.18,0.272,0.171,0.384,1.06,1.633,1.725,4.638,0.426,0.278,0.123,6.144,1.431,0.095,0.225,0.171,0.273,0.554,0.826,1.633,1.072
57,TrimmedRawStackdistal.tif,5,57,1.103,0.78,1.209,1.8,0.78,1.209,1.423,0.554,0.831,0.095,0.225,0.18,0.271,0.171,0.382,1.057,1.638,1.753,4.665,0.434,0.28,0.124,6.144,1.431,0.095,0.225,0.171,0.271,0.553,0.83,1.637,1.069
58,TrimmedRawStackdistal.tif,5,58,1.102,0.78,1.209,1.8,0.78,1.209,1.423,0.554,0.827,0.094,0.226,0.18,0.273,0.17,0.382,1.055,1.634,1.801,4.66,0.385,0.272,0.115,6.144,1.431,0.094,0.226,0.17,0.273,0.554,0.826,1.633,1.067
59,TrimmedRawStackdistal.tif,5,59,1.101,0.78,1.209,1.8,0.78,1.209,1.423,0.554,0.831,0.094,0.226,0.179,0.272,0.17,0.38,1.055,1.638,1.718,4.646,0.407,0.273,0.118,6.144,1.431,0.094,0.226,0.17,0.272,0.554,0.83,1.638,1.066
60,TrimmedRawStackdistal.tif,5,60,1.1,0.78,1.209,1.8,0.78,1.209,1.423,0.554,0.829,0.094,0.226,0.179,0.273,0.169,0.381,1.052,1.639,1.751,4.676,0.398,0.27,0.116,6.144,1.431,0.094,0.226,0.169,0.273,0.554,0.828,1.638,1.065
61,TrimmedRawStackdistal.tif,5,61,1.099,0.78,1.209,1.8,0.78,1.209,1.423,0.553,0.832,0.093,0.227,0.179,0.272,0.169,0.381,1.051,1.641,1.712,4.673,0.388,0.27,0.112,6.144,1.431,0.093,0.227,0.169,0.272,0.553,0.831,1.641,1.063
62,TrimmedRawStackdistal.tif,5,62,1.101,0.78,1.209,1.8,0.78,1.209,1.424,0.553,0.83,0.093,0.227,0.18,0.273,0.169,0.382,1.05,1.641,1.745,4.677,0.4,0.273,0.114,6.144,1.431,0.093,0.227,0.169,0.274,0.553,0.829,1.64,1.062
63,TrimmedRawStackdistal.tif,5,63,1.099,0.78,1.209,1.8,0.78,1.209,1.424,0.553,0.828,0.093,0.227,0.179,0.274,0.168,0.382,1.05,1.639,1.775,4.671,0.396,0.265,0.113,6.144,1.431,0.093,0.227,0.168,0.274,0.553,0.827,1.638,1.061
64,TrimmedRawStackdistal.tif,5,64,1.098,0.78,1.209,1.8,0.78,1.209,1.424,0.552,0.83,0.093,0.227,0.179,0.274,0.168,0.381,1.048,1.643,1.745,4.65,0.418,0.272,0.117,6.144,1.431,0.093,0.227,0.168,0.274,0.552,0.83,1.642,1.058
65,TrimmedRawStackdistal.tif,5,65,1.097,0.78,1.209,1.8,0.78,1.209,1.424,0.552,0.83,0.093,0.227,0.179,0.274,0.168,0.38,1.046,1.643,1.801,4.658,0.407,0.266,0.117,6.144,1.431,0.093,0.227,0.168,0.274,0.552,0.83,1.642,1.056
66,TrimmedRawStackdistal.tif,5,66,1.096,0.78,1.209,1.8,0.78,1.209,1.424,0.552,0.832,0.092,0.228,0.179,0.274,0.167,0.379,1.045,1.645,1.729,4.666,0.386,0.263,0.113,6.144,1.431,0.092,0.228,0.167,0.274,0.552,0.832,1.645,1.055
67,TrimmedRawStackdistal.tif,5,67,1.093,0.78,1.208,1.8,0.78,1.208,1.424,0.552,0.837,0.092,0.228,0.178,0.272,0.167,0.379,1.043,1.65,1.727,4.686,0.383,0.264,0.111,6.144,1.431,0.092,0.228,0.167,0.272,0.551,0.836,1.65,1.053
68,TrimmedRawStackdistal.tif,5,68,1.092,0.78,1.208,1.8,0.78,1.208,1.424,0.551,0.833,0.092,0.228,0.178,0.274,0.166,0.378,1.04,1.647,1.737,4.65,0.385,0.261,0.113,6.144,1.431,0.092,0.228,0.167,0.274,0.551,0.832,1.647,1.051
69,TrimmedRawStackdistal.tif,5,69,1.09,0.78,1.207,1.8,0.78,1.207,1.424,0.551,0.834,0.091,0.228,0.178,0.274,0.166,0.378,1.04,1.649,1.717,4.667,0.385,0.257,0.112,6.144,1.431,0.091,0.228,0.166,0.274,0.55,0.834,1.649,1.049
70,TrimmedRawStackdistal.tif,5,70,1.088,0.78,1.207,1.8,0.78,1.207,1.424,0.551,0.832,0.091,0.228,0.177,0.274,0.165,0.378,1.039,1.648,1.723,4.665,0.414,0.265,0.116,6.144,1.431,0.091,0.228,0.166,0.275,0.55,0.832,1.648,1.048
71,TrimmedRawStackdistal.tif,5,71,1.087,0.779,1.207,1.8,0.779,1.207,1.424,0.55,0.836,0.091,0.229,0.177,0.274,0.165,0.378,1.039,1.654,1.758,4.673,0.413,0.264,0.115,6.144,1.431,0.091,0.229,0.165,0.274,0.549,0.835,1.652,1.046
72,TrimmedRawStackdistal.tif,5,72,1.086,0.78,1.207,1.8,0.78,1.207,1.424,0.55,0.836,0.091,0.229,0.177,0.274,0.165,0.378,1.038,1.654,1.728,4.671,0.402,0.265,0.113,6.144,1.431,0.091,0.229,0.165,0.274,0.549,0.836,1.653,1.044
73,TrimmedRawStackdistal.tif,5,73,1.085,0.779,1.206,1.8,0.779,1.206,1.423,0.55,0.835,0.09,0.229,0.177,0.275,0.165,0.378,1.036,1.653,1.774,4.671,0.405,0.264,0.113,6.144,1.431,0.09,0.229,0.165,0.275,0.55,0.834,1.651,1.043
74,TrimmedRawStackdistal.tif,5,74,1.084,0.779,1.206,1.8,0.779,1.206,1.423,0.55,0.836,0.09,0.23,0.177,0.274,0.164,0.378,1.036,1.656,1.774,4.665,0.403,0.259,0.111,6.144,1.431,0.09,0.23,0.164,0.275,0.55,0.836,1.653,1.042
75,TrimmedRawStackdistal.tif,5,75,1.082,0.779,1.206,1.8,0.779,1.206,1.424,0.549,0.837,0.09,0.23,0.177,0.274,0.164,0.378,1.034,1.657,1.765,4.67,0.41,0.258,0.112,6.144,1.431,0.09,0.23,0.164,0.275,0.549,0.836,1.655,1.041
76,TrimmedRawStackdistal.tif,5,76,1.081,0.779,1.206,1.8,0.779,1.206,1.424,0.549,0.837,0.09,0.23,0.176,0.275,0.163,0.378,1.034,1.658,1.763,4.678,0.407,0.264,0.113,6.144,1.431,0.09,0.23,0.163,0.275,0.549,0.836,1.656,1.04
77,TrimmedRawStackdistal.tif,5,77,1.08,0.779,1.206,1.8,0.779,1.206,1.423,0.549,0.837,0.09,0.23,0.176,0.275,0.163,0.377,1.034,1.658,1.777,4.682,0.403,0.258,0.113,6.144,1.431,0.09,0.23,0.163,0.276,0.549,0.836,1.656,1.038
78,TrimmedRawStackdistal.tif,5,78,1.078,0.78,1.206,1.8,0.78,1.206,1.423,0.549,0.842,0.089,0.231,0.176,0.274,0.163,0.377,1.034,1.662,1.724,4.684,0.383,0.253,0.106,6.144,1.431,0.089,0.231,0.162,0.274,0.55,0.841,1.662,1.038
79,TrimmedRawStackdistal.tif,5,79,1.077,0.78,1.205,1.8,0.78,1.205,1.423,0.552,0.843,0.089,0.231,0.176,0.274,0.161,0.377,1.036,1.665,1.713,4.689,0.398,0.258,0.112,6.144,1.431,0.089,0.231,0.161,0.274,0.552,0.843,1.665,1.039
80,TrimmedRawStackdistal.tif,5,80,1.077,0.78,1.206,1.8,0.78,1.206,1.422,0.549,0.842,0.089,0.231,0.176,0.275,0.162,0.376,1.031,1.666,1.732,4.691,0.398,0.254,0.113,6.144,1.431,0.089,0.231,0.162,0.275,0.549,0.841,1.666,1.034
81,TrimmedRawStackdistal.tif,5,81,1.074,0.78,1.205,1.8,0.78,1.205,1.421,0.548,0.844,0.089,0.232,0.175,0.274,0.162,0.376,1.029,1.668,1.731,4.694,0.382,0.244,0.108,6.144,1.431,0.089,0.232,0.162,0.275,0.548,0.843,1.668,1.033
82,TrimmedRawStackdistal.tif,5,82,1.073,0.781,1.205,1.8,0.781,1.205,1.421,0.549,0.842,0.089,0.232,0.175,0.275,0.161,0.376,1.029,1.668,1.753,4.68,0.374,0.259,0.108,6.144,1.431,0.089,0.232,0.161,0.275,0.549,0.841,1.667,1.032
83,TrimmedRawStackdistal.tif,5,83,1.072,0.781,1.205,1.8,0.781,1.205,1.421,0.549,0.845,0.088,0.232,0.175,0.274,0.161,0.374,1.027,1.672,1.748,4.695,0.372,0.247,0.107,6.144,1.431,0.088,0.232,0.161,0.275,0.549,0.844,1.671,1.03
84,TrimmedRawStackdistal.tif,5,84,1.069,0.781,1.205,1.8,0.781,1.205,1.421,0.549,0.845,0.088,0.232,0.174,0.275,0.16,0.374,1.026,1.672,1.766,4.683,0.385,0.25,0.112,6.144,1.431,0.088,0.232,0.16,0.275,0.549,0.843,1.671,1.029
85,TrimmedRawStackdistal.tif,5,85,1.068,0.781,1.204,1.8,0.781,1.204,1.42,0.549,0.847,0.088,0.232,0.174,0.274,0.16,0.373,1.026,1.676,1.751,4.689,0.382,0.247,0.109,6.144,1.431,0.088,0.232,0.16,0.274,0.549,0.846,1.674,1.029
86,TrimmedRawStackdistal.tif,5,86,1.067,0.781,1.204,1.8,0.781,1.204,1.42,0.549,0.843,0.088,0.232,0.174,0.276,0.16,0.375,1.024,1.672,1.757,4.685,0.383,0.247,0.107,6.144,1.431,0.088,0.232,0.16,0.276,0.549,0.841,1.671,1.028
87,TrimmedRawStackdistal.tif,5,87,1.066,0.782,1.203,1.8,0.782,1.203,1.42,0.549,0.846,0.088,0.233,0.174,0.275,0.159,0.374,1.024,1.676,1.756,4.698,0.387,0.243,0.107,6.144,1.431,0.088,0.233,0.159,0.276,0.55,0.844,1.674,1.027
88,TrimmedRawStackdistal.tif,5,88,1.063,0.782,1.203,1.8,0.782,1.203,1.42,0.549,0.846,0.087,0.233,0.173,0.275,0.159,0.374,1.023,1.675,1.706,4.696,0.385,0.247,0.109,6.144,1.431,0.087,0.233,0.159,0.276,0.549,0.845,1.675,1.026
89,TrimmedRawStackdistal.tif,5,89,1.061,0.782,1.202,1.8,0.782,1.202,1.42,0.548,0.849,0.087,0.233,0.173,0.274,0.159,0.373,1.022,1.679,1.729,4.71,0.385,0.244,0.111,6.144,1.431,0.087,0.233,0.159,0.275,0.548,0.848,1.679,1.025
90,TrimmedRawStackdistal.tif,5,90,1.061,0.782,1.202,1.8,0.782,1.202,1.42,0.547,0.852,0.087,0.233,0.173,0.274,0.159,0.372,1.02,1.682,1.724,4.703,0.385,0.241,0.11,6.144,1.431,0.087,0.233,0.159,0.274,0.548,0.85,1.682,1.023
91,TrimmedRawStackdistal.tif,5,91,1.06,0.782,1.201,1.8,0.782,1.201,1.42,0.547,0.852,0.087,0.234,0.173,0.274,0.159,0.373,1.02,1.682,1.724,4.703,0.407,0.254,0.114,6.144,1.431,0.087,0.234,0.159,0.275,0.548,0.851,1.682,1.023
92,TrimmedRawStackdistal.tif,5,92,1.06,0.783,1.201,1.8,0.783,1.201,1.419,0.548,0.854,0.087,0.234,0.173,0.274,0.158,0.373,1.02,1.686,1.727,4.711,0.415,0.266,0.123,6.144,1.431,0.087,0.234,0.158,0.274,0.548,0.853,1.686,1.022
93,TrimmedRawStackdistal.tif,5,93,1.058,0.783,1.201,1.8,0.783,1.201,1.419,0.548,0.854,0.087,0.234,0.172,0.274,0.158,0.372,1.02,1.686,1.728,4.713,0.394,0.25,0.113,6.144,1.431,0.087,0.234,0.158,0.275,0.548,0.853,1.686,1.021
94,TrimmedRawStackdistal.tif,5,94,1.056,0.783,1.2,1.8,0.783,1.2,1.418,0.547,0.856,0.086,0.235,0.172,0.274,0.158,0.372,1.019,1.687,1.727,4.71,0.4,0.248,0.116,6.144,1.431,0.086,0.235,0.158,0.275,0.547,0.854,1.687,1.02
95,TrimmedRawStackdistal.tif,5,95,1.055,0.784,1.201,1.8,0.784,1.201,1.417,0.547,0.857,0.086,0.235,0.172,0.274,0.157,0.372,1.018,1.689,1.748,4.715,0.403,0.25,0.116,6.144,1.431,0.086,0.235,0.157,0.275,0.547,0.855,1.688,1.018
96,TrimmedRawStackdistal.tif,5,96,1.053,0.784,1.2,1.8,0.784,1.2,1.418,0.546,0.857,0.086,0.235,0.171,0.275,0.157,0.371,1.017,1.689,1.734,4.7,0.406,0.243,0.12,6.144,1.431,0.086,0.235,0.157,0.275,0.546,0.855,1.689,1.017
97,TrimmedRawStackdistal.tif,5,97,1.053,0.784,1.199,1.8,0.784,1.199,1.417,0.547,0.858,0.086,0.236,0.171,0.274,0.157,0.37,1.017,1.695,1.739,4.714,0.409,0.248,0.12,6.144,1.431,0.086,0.236,0.157,0.275,0.546,0.857,1.694,1.017
98,TrimmedRawStackdistal.tif,5,98,1.052,0.784,1.199,1.8,0.784,1.199,1.417,0.547,0.857,0.086,0.236,0.171,0.275,0.157,0.371,1.017,1.691,1.725,4.726,0.409,0.249,0.119,6.144,1.431,0.086,0.236,0.157,0.276,0.547,0.856,1.691,1.017
99,TrimmedRawStackdistal.tif,5,99,1.051,0.785,1.199,1.8,0.785,1.199,1.416,0.548,0.861,0.086,0.237,0.171,0.275,0.156,0.371,1.018,1.695,1.744,4.712,0.415,0.248,0.122,6.144,1.431,0.086,0.237,0.156,0.275,0.547,0.859,1.694,1.018
100,TrimmedRawStackdistal.tif,5,100,1.05,0.785,1.198,1.8,0.785,1.198,1.416,0.547,0.86,0.086,0.237,0.171,0.275,0.156,0.37,1.017,1.695,1.745,4.708,0.415,0.247,0.122,6.144,1.431,0.086,0.237,0.156,0.276,0.547,0.859,1.694,1.017
101,TrimmedRawStackdistal.tif,5,101,1.049,0.785,1.197,1.8,0.785,1.197,1.416,0.548,0.863,0.085,0.237,0.171,0.275,0.156,0.37,1.016,1.699,1.756,4.724,0.42,0.25,0.124,6.144,1.431,0.085,0.237,0.156,0.275,0.548,0.862,1.698,1.018
102,TrimmedRawStackdistal.tif,5,102,1.047,0.786,1.196,1.8,0.786,1.196,1.416,0.547,0.864,0.085,0.238,0.17,0.275,0.156,0.37,1.015,1.7,1.761,4.724,0.431,0.252,0.128,6.144,1.431,0.085,0.238,0.156,0.276,0.546,0.862,1.699,1.017
103,TrimmedRawStackdistal.tif,5,103,1.047,0.786,1.196,1.8,0.786,1.196,1.415,0.547,0.866,0.085,0.238,0.17,0.275,0.156,0.37,1.015,1.703,1.731,4.726,0.436,0.247,0.128,6.144,1.431,0.085,0.238,0.156,0.276,0.546,0.864,1.702,1.017
104,TrimmedRawStackdistal.tif,5,104,1.046,0.786,1.195,1.8,0.786,1.195,1.414,0.546,0.864,0.085,0.239,0.17,0.276,0.156,0.371,1.015,1.701,1.721,4.738,0.439,0.243,0.129,6.144,1.431,0.085,0.239,0.156,0.277,0.546,0.863,1.701,1.017
105,TrimmedRawStackdistal.tif,5,105,1.044,0.786,1.195,1.8,0.786,1.195,1.413,0.546,0.864,0.085,0.239,0.17,0.277,0.156,0.37,1.015,1.702,1.729,4.744,0.44,0.241,0.13,6.144,1.431,0.085,0.239,0.156,0.277,0.546,0.862,1.702,1.017
106,TrimmedRawStackdistal.tif,5,106,1.045,0.787,1.194,1.8,0.787,1.194,1.412,0.546,0.865,0.085,0.24,0.17,0.277,0.155,0.371,1.015,1.704,1.733,4.742,0.432,0.246,0.128,6.144,1.431,0.085,0.24,0.155,0.278,0.546,0.863,1.704,1.018
107,TrimmedRawStackdistal.tif,5,107,1.044,0.787,1.194,1.8,0.787,1.194,1.412,0.546,0.867,0.085,0.241,0.17,0.277,0.155,0.37,1.015,1.708,1.781,4.74,0.43,0.238,0.127,6.144,1.431,0.085,0.24,0.155,0.278,0.546,0.865,1.706,1.018
108,TrimmedRawStackdistal.tif,5,108,1.041,0.787,1.193,1.8,0.787,1.193,1.411,0.546,0.867,0.084,0.241,0.169,0.278,0.155,0.371,1.015,1.708,1.718,4.743,0.427,0.238,0.124,6.144,1.431,0.085,0.241,0.155,0.278,0.546,0.865,1.708,1.017
109,TrimmedRawStackdistal.tif,5,109,1.04,0.788,1.192,1.8,0.788,1.192,1.41,0.545,0.869,0.084,0.241,0.169,0.278,0.155,0.371,1.014,1.71,1.733,4.742,0.428,0.241,0.126,6.144,1.431,0.084,0.241,0.155,0.278,0.545,0.867,1.71,1.017
110,TrimmedRawStackdistal.tif,5,110,1.038,0.788,1.191,1.8,0.788,1.191,1.41,0.545,0.867,0.084,0.242,0.169,0.279,0.154,0.369,1.013,1.709,1.728,4.735,0.427,0.237,0.126,6.144,1.431,0.084,0.241,0.155,0.279,0.544,0.865,1.709,1.015
111,TrimmedRawStackdistal.tif,5,111,1.037,0.788,1.191,1.8,0.788,1.191,1.409,0.544,0.87,0.084,0.242,0.168,0.278,0.155,0.369,1.012,1.712,1.735,4.745,0.426,0.232,0.125,6.144,1.431,0.084,0.242,0.155,0.279,0.544,0.867,1.712,1.016
112,TrimmedRawStackdistal.tif,5,112,1.036,0.788,1.19,1.8,0.788,1.19,1.408,0.544,0.87,0.084,0.242,0.168,0.279,0.154,0.369,1.012,1.714,1.784,4.762,0.425,0.233,0.123,6.144,1.431,0.084,0.242,0.155,0.279,0.543,0.867,1.712,1.015
113,TrimmedRawStackdistal.tif,5,113,1.035,0.789,1.189,1.8,0.789,1.189,1.406,0.544,0.872,0.084,0.243,0.168,0.279,0.154,0.368,1.011,1.715,1.754,4.75,0.424,0.236,0.128,6.144,1.431,0.084,0.243,0.155,0.279,0.543,0.869,1.713,1.015
114,TrimmedRawStackdistal.tif,5,114,1.033,0.789,1.188,1.8,0.789,1.188,1.406,0.543,0.872,0.084,0.243,0.168,0.279,0.154,0.368,1.011,1.715,1.787,4.759,0.421,0.232,0.124,6.144,1.431,0.084,0.243,0.154,0.28,0.542,0.868,1.713,1.015
115,TrimmedRawStackdistal.tif,5,115,1.03,0.789,1.187,1.8,0.789,1.187,1.405,0.542,0.874,0.083,0.244,0.167,0.279,0.154,0.368,1.011,1.717,1.759,4.757,0.417,0.236,0.128,6.144,1.431,0.084,0.243,0.154,0.28,0.542,0.871,1.715,1.015
116,TrimmedRawStackdistal.tif,5,116,1.029,0.79,1.186,1.8,0.79,1.186,1.404,0.542,0.876,0.083,0.244,0.167,0.278,0.154,0.368,1.011,1.718,1.764,4.747,0.415,0.228,0.126,6.144,1.431,0.083,0.244,0.154,0.279,0.542,0.873,1.716,1.015
117,TrimmedRawStackdistal.tif,5,117,1.029,0.79,1.186,1.8,0.79,1.186,1.402,0.541,0.878,0.083,0.245,0.167,0.279,0.153,0.367,1.01,1.72,1.743,4.745,0.372,0.217,0.113,6.144,1.431,0.083,0.245,0.154,0.28,0.54,0.875,1.719,1.014
118,TrimmedRawStackdistal.tif,5,118,1.028,0.791,1.186,1.8,0.791,1.186,1.401,0.54,0.881,0.083,0.245,0.166,0.279,0.154,0.369,1.008,1.723,1.743,4.761,0.409,0.23,0.126,6.144,1.431,0.083,0.245,0.154,0.28,0.54,0.878,1.722,1.014
119,TrimmedRawStackdistal.tif,5,119,1.027,0.791,1.185,1.8,0.791,1.185,1.4,0.539,0.881,0.083,0.246,0.166,0.28,0.153,0.369,1.008,1.725,1.77,4.755,0.403,0.227,0.124,6.144,1.431,0.083,0.246,0.154,0.281,0.539,0.877,1.722,1.013
120,TrimmedRawStackdistal.tif,5,120,1.026,0.792,1.184,1.8,0.792,1.184,1.4,0.539,0.882,0.083,0.247,0.166,0.281,0.153,0.37,1.007,1.726,1.774,4.772,0.402,0.22,0.121,6.144,1.431,0.083,0.247,0.154,0.281,0.538,0.879,1.726,1.013
121,TrimmedRawStackdistal.tif,5,121,1.025,0.792,1.184,1.8,0.792,1.184,1.398,0.538,0.883,0.082,0.248,0.166,0.281,0.153,0.369,1.006,1.729,1.754,4.797,0.382,0.218,0.119,6.144,1.431,0.083,0.248,0.154,0.282,0.538,0.879,1.728,1.013
122,TrimmedRawStackdistal.tif,5,122,1.024,0.792,1.183,1.8,0.792,1.183,1.397,0.537,0.884,0.082,0.249,0.166,0.281,0.153,0.37,1.004,1.731,1.759,4.781,0.374,0.216,0.117,6.144,1.431,0.083,0.248,0.154,0.283,0.537,0.88,1.729,1.012
123,TrimmedRawStackdistal.tif,5,123,1.023,0.793,1.183,1.8,0.793,1.183,1.396,0.536,0.886,0.082,0.25,0.165,0.282,0.154,0.37,1.004,1.734,1.767,4.794,0.37,0.214,0.116,6.144,1.431,0.083,0.249,0.154,0.283,0.535,0.881,1.731,1.011
124,TrimmedRawStackdistal.tif,5,124,1.022,0.793,1.182,1.8,0.793,1.182,1.394,0.536,0.889,0.082,0.251,0.165,0.282,0.153,0.371,1.003,1.735,1.755,4.805,0.351,0.209,0.111,6.144,1.431,0.082,0.25,0.154,0.283,0.535,0.884,1.734,1.01
125,TrimmedRawStackdistal.tif,5,125,1.021,0.794,1.181,1.8,0.794,1.181,1.394,0.535,0.889,0.082,0.251,0.165,0.283,0.153,0.372,1.002,1.737,1.727,4.801,0.348,0.204,0.11,6.144,1.431,0.082,0.251,0.154,0.284,0.535,0.885,1.737,1.011
126,TrimmedRawStackdistal.tif,5,126,1.02,0.794,1.181,1.8,0.794,1.181,1.393,0.535,0.89,0.082,0.252,0.165,0.283,0.153,0.372,1.002,1.739,1.734,4.814,0.347,0.199,0.112,6.144,1.431,0.082,0.252,0.154,0.284,0.535,0.886,1.738,1.011
127,TrimmedRawStackdistal.tif,5,127,1.021,0.794,1.181,1.8,0.794,1.181,1.392,0.534,0.892,0.082,0.253,0.165,0.284,0.153,0.372,1.002,1.743,1.732,4.816,0.345,0.196,0.11,6.144,1.431,0.082,0.253,0.154,0.285,0.534,0.889,1.742,1.01
128,TrimmedRawStackdistal.tif,5,128,1.021,0.795,1.181,1.8,0.795,1.181,1.39,0.534,0.893,0.082,0.255,0.165,0.285,0.154,0.373,1.002,1.743,1.744,4.816,0.343,0.199,0.11,6.144,1.431,0.082,0.254,0.154,0.286,0.533,0.889,1.743,1.01
129,TrimmedRawStackdistal.tif,5,129,1.02,0.795,1.18,1.8,0.795,1.18,1.39,0.534,0.896,0.082,0.255,0.164,0.285,0.153,0.374,1.002,1.747,1.751,4.828,0.336,0.193,0.108,6.144,1.431,0.082,0.255,0.154,0.286,0.534,0.891,1.746,1.011
130,TrimmedRawStackdistal.tif,5,130,1.02,0.795,1.18,1.8,0.795,1.18,1.389,0.533,0.895,0.082,0.256,0.164,0.287,0.154,0.374,1.003,1.747,1.747,4.825,0.337,0.191,0.109,6.144,1.431,0.082,0.256,0.155,0.288,0.532,0.89,1.746,1.011
131,TrimmedRawStackdistal.tif,5,131,1.019,0.796,1.18,1.8,0.796,1.18,1.389,0.532,0.894,0.082,0.257,0.164,0.288,0.154,0.374,1.001,1.747,1.748,4.833,0.336,0.187,0.106,6.144,1.431,0.082,0.257,0.155,0.289,0.531,0.889,1.746,1.01
132,TrimmedRawStackdistal.tif,5,132,1.019,0.797,1.18,1.8,0.797,1.18,1.389,0.531,0.894,0.082,0.258,0.164,0.289,0.154,0.374,1.002,1.752,1.848,4.838,0.322,0.183,0.104,6.144,1.431,0.082,0.258,0.155,0.291,0.531,0.888,1.746,1.011
133,TrimmedRawStackdistal.tif,5,133,1.018,0.797,1.179,1.8,0.797,1.179,1.388,0.531,0.895,0.082,0.259,0.164,0.29,0.154,0.375,1.002,1.752,1.85,4.825,0.322,0.182,0.104,6.144,1.431,0.082,0.259,0.155,0.291,0.531,0.889,1.748,1.012
134,TrimmedRawStackdistal.tif,5,134,1.018,0.798,1.179,1.8,0.798,1.179,1.387,0.53,0.896,0.082,0.26,0.164,0.29,0.154,0.376,1.002,1.754,1.847,4.841,0.309,0.177,0.1,6.144,1.431,0.082,0.26,0.155,0.292,0.531,0.89,1.751,1.012
135,TrimmedRawStackdistal.tif,5,135,1.018,0.798,1.179,1.8,0.798,1.179,1.387,0.53,0.899,0.082,0.261,0.164,0.291,0.155,0.377,1.001,1.76,1.815,4.845,0.308,0.174,0.098,6.144,1.431,0.082,0.261,0.155,0.292,0.53,0.892,1.754,1.011
136,TrimmedRawStackdistal.tif,5,136,1.018,0.799,1.18,1.8,0.799,1.18,1.387,0.529,0.902,0.082,0.263,0.164,0.291,0.155,0.377,1.002,1.766,1.814,4.865,0.306,0.172,0.098,6.144,1.431,0.082,0.262,0.156,0.293,0.529,0.896,1.759,1.012
137,TrimmedRawStackdistal.tif,5,137,1.018,0.799,1.179,1.8,0.799,1.179,1.386,0.528,0.903,0.082,0.264,0.164,0.292,0.155,0.378,1.003,1.768,1.808,4.873,0.317,0.179,0.104,6.144,1.431,0.082,0.263,0.156,0.293,0.528,0.898,1.761,1.011
138,TrimmedRawStackdistal.tif,5,138,1.019,0.799,1.18,1.8,0.799,1.18,1.385,0.528,0.906,0.082,0.265,0.164,0.293,0.155,0.38,1.004,1.771,1.786,4.873,0.311,0.171,0.099,6.144,1.431,0.082,0.265,0.156,0.294,0.528,0.901,1.766,1.012
139,TrimmedRawStackdistal.tif,5,139,1.021,0.799,1.179,1.8,0.799,1.179,1.384,0.528,0.907,0.082,0.266,0.164,0.294,0.156,0.38,1.005,1.776,1.816,4.875,0.31,0.172,0.099,6.144,1.431,0.083,0.266,0.157,0.296,0.527,0.9,1.766,1.013
140,TrimmedRawStackdistal.tif,5,140,1.022,0.799,1.179,1.8,0.799,1.179,1.384,0.527,0.907,0.082,0.268,0.164,0.295,0.156,0.382,1.006,1.775,1.818,4.874,0.31,0.171,0.099,6.144,1.431,0.083,0.268,0.157,0.296,0.526,0.903,1.771,1.013
141,TrimmedRawStackdistal.tif,5,141,1.021,0.799,1.179,1.8,0.799,1.179,1.383,0.526,0.912,0.082,0.269,0.164,0.295,0.157,0.383,1.007,1.781,1.798,4.892,0.31,0.172,0.103,6.144,1.431,0.083,0.269,0.158,0.297,0.526,0.906,1.775,1.014
142,TrimmedRawStackdistal.tif,5,142,1.022,0.8,1.178,1.8,0.8,1.178,1.383,0.526,0.914,0.083,0.27,0.164,0.295,0.157,0.384,1.007,1.784,1.784,4.895,0.309,0.167,0.1,6.144,1.431,0.083,0.27,0.158,0.297,0.525,0.909,1.779,1.014
143,TrimmedRawStackdistal.tif,5,143,1.023,0.8,1.177,1.8,0.8,1.177,1.382,0.525,0.911,0.083,0.271,0.165,0.298,0.157,0.386,1.008,1.783,1.785,4.9,0.309,0.167,0.101,6.144,1.431,0.083,0.271,0.158,0.299,0.525,0.906,1.778,1.016
144,TrimmedRawStackdistal.tif,5,144,1.022,0.8,1.178,1.8,0.8,1.178,1.382,0.526,0.913,0.083,0.272,0.164,0.298,0.157,0.387,1.009,1.786,1.784,4.9,0.307,0.162,0.097,6.144,1.431,0.083,0.272,0.159,0.299,0.524,0.908,1.783,1.018
145,TrimmedRawStackdistal.tif,5,145,1.023,0.801,1.178,1.8,0.801,1.178,1.381,0.525,0.915,0.083,0.274,0.165,0.299,0.158,0.388,1.01,1.793,1.811,4.918,0.307,0.162,0.101,6.144,1.431,0.083,0.274,0.159,0.301,0.524,0.91,1.787,1.019
146,TrimmedRawStackdistal.tif,5,146,1.024,0.801,1.177,1.8,0.801,1.177,1.381,0.525,0.917,0.083,0.275,0.165,0.3,0.158,0.388,1.012,1.793,1.795,4.914,0.309,0.159,0.1,6.144,1.431,0.084,0.275,0.159,0.302,0.524,0.91,1.79,1.021
147,TrimmedRawStackdistal.tif,5,147,1.025,0.801,1.177,1.8,0.801,1.177,1.38,0.525,0.92,0.083,0.277,0.165,0.301,0.159,0.389,1.013,1.798,1.811,4.917,0.308,0.16,0.101,6.144,1.431,0.084,0.276,0.16,0.302,0.523,0.913,1.795,1.022
148,TrimmedRawStackdistal.tif,5,148,1.026,0.801,1.176,1.8,0.801,1.176,1.379,0.526,0.922,0.083,0.278,0.165,0.302,0.159,0.389,1.019,1.803,1.818,4.926,0.307,0.159,0.1,6.144,1.431,0.084,0.278,0.16,0.304,0.524,0.915,1.798,1.025
149,TrimmedRawStackdistal.tif,5,149,1.028,0.801,1.175,1.8,0.801,1.175,1.378,0.525,0.922,0.084,0.28,0.165,0.303,0.16,0.391,1.016,1.804,1.821,4.947,0.308,0.16,0.1,6.144,1.431,0.084,0.279,0.161,0.305,0.523,0.916,1.8,1.028
150,TrimmedRawStackdistal.tif,5,150,1.029,0.802,1.175,1.8,0.802,1.175,1.378,0.523,0.926,0.084,0.281,0.165,0.304,0.16,0.392,1.017,1.81,1.808,4.95,0.31,0.155,0.097,6.144,1.431,0.084,0.281,0.162,0.305,0.522,0.919,1.806,1.028
151,TrimmedRawStackdistal.tif,5,151,1.03,0.802,1.175,1.8,0.802,1.175,1.377,0.523,0.928,0.084,0.283,0.165,0.305,0.161,0.393,1.018,1.815,1.745,4.964,0.305,0.149,0.096,6.144,1.431,0.085,0.283,0.163,0.306,0.521,0.924,1.814,1.029
152,TrimmedRawStackdistal.tif,5,152,1.03,0.802,1.175,1.8,0.802,1.175,1.376,0.522,0.932,0.084,0.285,0.165,0.306,0.161,0.391,1.02,1.822,1.835,4.992,0.307,0.156,0.099,6.144,1.431,0.085,0.284,0.163,0.308,0.52,0.923,1.816,1.029
153,TrimmedRawStackdistal.tif,5,153,1.032,0.802,1.175,1.8,0.802,1.175,1.376,0.521,0.93,0.084,0.287,0.165,0.308,0.162,0.395,1.024,1.822,1.731,4.981,0.309,0.152,0.097,6.144,1.431,0.085,0.286,0.164,0.309,0.519,0.926,1.821,1.031
154,TrimmedRawStackdistal.tif,5,154,1.032,0.802,1.174,1.8,0.802,1.174,1.375,0.522,0.933,0.085,0.288,0.166,0.309,0.162,0.396,1.025,1.827,1.747,4.994,0.317,0.157,0.102,6.144,1.431,0.085,0.288,0.162,0.31,0.525,0.928,1.826,1.032
155,TrimmedRawStackdistal.tif,5,155,1.033,0.803,1.173,1.8,0.803,1.173,1.374,0.522,0.934,0.085,0.29,0.166,0.31,0.163,0.397,1.031,1.83,1.748,5.02,0.322,0.144,0.095,6.144,1.431,0.086,0.289,0.164,0.311,0.522,0.929,1.829,1.038
156,TrimmedRawStackdistal.tif,5,156,1.036,0.803,1.173,1.8,0.803,1.173,1.374,0.523,0.936,0.085,0.292,0.166,0.311,0.163,0.399,1.03,1.835,1.75,5.024,0.32,0.156,0.106,6.144,1.431,0.086,0.291,0.165,0.312,0.519,0.932,1.833,1.035
157,TrimmedRawStackdistal.tif,5,157,1.037,0.804,1.173,1.8,0.804,1.173,1.373,0.524,0.938,0.085,0.293,0.166,0.313,0.163,0.4,1.033,1.84,1.751,5.015,0.321,0.149,0.101,6.144,1.431,0.086,0.293,0.166,0.314,0.519,0.933,1.838,1.038
158,TrimmedRawStackdistal.tif,5,158,1.04,0.804,1.172,1.8,0.804,1.172,1.372,0.523,0.941,0.086,0.296,0.167,0.314,0.164,0.402,1.036,1.845,1.79,5.034,0.313,0.144,0.098,6.144,1.431,0.087,0.295,0.166,0.315,0.52,0.935,1.842,1.04
159,TrimmedRawStackdistal.tif,5,159,1.043,0.805,1.171,1.8,0.805,1.171,1.372,0.524,0.945,0.086,0.298,0.167,0.315,0.164,0.403,1.038,1.85,1.766,5.051,0.315,0.143,0.098,6.144,1.431,0.087,0.297,0.166,0.316,0.522,0.938,1.847,1.042
160,TrimmedRawStackdistal.tif,5,160,1.044,0.805,1.171,1.8,0.805,1.171,1.371,0.525,0.946,0.086,0.299,0.167,0.317,0.164,0.405,1.04,1.853,1.776,5.042,0.304,0.138,0.093,6.144,1.431,0.087,0.299,0.166,0.318,0.524,0.94,1.85,1.044
161,TrimmedRawStackdistal.tif,5,161,1.047,0.805,1.17,1.8,0.805,1.17,1.37,0.523,0.952,0.087,0.301,0.168,0.316,0.166,0.405,1.041,1.86,1.781,5.063,0.305,0.136,0.093,6.144,1.431,0.088,0.3,0.166,0.318,0.527,0.944,1.856,1.047
162,TrimmedRawStackdistal.tif,5,162,1.05,0.805,1.169,1.8,0.805,1.169,1.37,0.526,0.95,0.087,0.303,0.168,0.319,0.166,0.407,1.045,1.861,1.759,5.06,0.306,0.13,0.091,6.144,1.431,0.088,0.302,0.166,0.32,0.528,0.944,1.859,1.047
163,TrimmedRawStackdistal.tif,5,163,1.052,0.806,1.169,1.8,0.806,1.169,1.37,0.524,0.952,0.088,0.305,0.168,0.32,0.167,0.409,1.045,1.866,1.757,5.07,0.321,0.136,0.097,6.144,1.431,0.088,0.304,0.166,0.321,0.53,0.946,1.864,1.05
164,TrimmedRawStackdistal.tif,5,164,1.057,0.806,1.169,1.8,0.806,1.169,1.369,0.526,0.955,0.088,0.307,0.169,0.322,0.168,0.411,1.049,1.871,1.76,5.089,0.311,0.133,0.093,6.144,1.431,0.089,0.306,0.167,0.323,0.532,0.949,1.869,1.053
165,TrimmedRawStackdistal.tif,5,165,1.062,0.807,1.169,1.8,0.807,1.169,1.369,0.526,0.957,0.089,0.31,0.17,0.324,0.168,0.413,1.049,1.874,1.79,5.113,0.271,0.129,0.088,6.144,1.431,0.089,0.309,0.168,0.325,0.532,0.951,1.872,1.053
166,TrimmedRawStackdistal.tif,5,166,1.065,0.807,1.168,1.8,0.807,1.168,1.368,0.528,0.96,0.089,0.311,0.17,0.325,0.169,0.414,1.053,1.877,1.79,5.109,0.315,0.139,0.099,6.144,1.431,0.09,0.311,0.169,0.326,0.535,0.953,1.874,1.056
167,TrimmedRawStackdistal.tif,5,167,1.067,0.807,1.168,1.8,0.807,1.168,1.367,0.53,0.962,0.09,0.313,0.171,0.326,0.169,0.415,1.053,1.881,1.788,5.117,0.314,0.141,0.1,6.144,1.431,0.091,0.312,0.169,0.327,0.536,0.955,1.877,1.057
168,TrimmedRawStackdistal.tif,5,168,1.072,0.807,1.168,1.8,0.807,1.168,1.366,0.532,0.965,0.09,0.316,0.171,0.327,0.17,0.417,1.052,1.885,1.792,5.121,0.285,0.127,0.09,6.144,1.431,0.091,0.315,0.17,0.329,0.538,0.957,1.882,1.059
169,TrimmedRawStackdistal.tif,5,169,1.075,0.808,1.168,1.8,0.808,1.168,1.365,0.533,0.967,0.091,0.318,0.172,0.329,0.17,0.419,1.053,1.888,1.792,5.15,0.293,0.131,0.094,6.144,1.431,0.092,0.317,0.17,0.33,0.54,0.959,1.885,1.061
170,TrimmedRawStackdistal.tif,5,170,1.079,0.808,1.168,1.8,0.808,1.168,1.365,0.535,0.968,0.091,0.32,0.172,0.331,0.171,0.421,1.054,1.891,1.789,5.176,0.247,0.126,0.086,6.144,1.431,0.092,0.319,0.17,0.332,0.543,0.961,1.888,1.063
171,TrimmedRawStackdistal.tif,5,171,1.083,0.809,1.168,1.8,0.809,1.168,1.364,0.537,0.971,0.092,0.323,0.173,0.332,0.171,0.423,1.057,1.893,1.794,5.163,0.246,0.122,0.083,6.144,1.431,0.093,0.322,0.171,0.334,0.544,0.964,1.89,1.065
172,TrimmedRawStackdistal.tif,5,172,1.088,0.81,1.168,1.8,0.81,1.168,1.364,0.537,0.972,0.092,0.325,0.174,0.334,0.172,0.426,1.06,1.895,1.76,5.166,0.233,0.114,0.077,6.144,1.431,0.093,0.324,0.172,0.336,0.544,0.965,1.893,1.065
173,TrimmedRawStackdistal.tif,5,173,1.091,0.811,1.168,1.8,0.811,1.168,1.363,0.539,0.976,0.093,0.327,0.174,0.335,0.172,0.428,1.062,1.898,1.744,5.192,0.234,0.117,0.079,6.144,1.431,0.094,0.326,0.172,0.337,0.546,0.97,1.897,1.067
174,TrimmedRawStackdistal.tif,5,174,1.095,0.812,1.168,1.8,0.812,1.168,1.362,0.541,0.98,0.094,0.33,0.175,0.337,0.173,0.43,1.065,1.901,1.749,5.206,0.252,0.12,0.084,6.144,1.431,0.095,0.329,0.173,0.338,0.547,0.973,1.9,1.069
175,TrimmedRawStackdistal.tif,5,175,1.1,0.813,1.167,1.8,0.813,1.167,1.362,0.544,0.982,0.094,0.332,0.175,0.338,0.173,0.431,1.068,1.904,1.741,5.208,0.239,0.118,0.082,6.144,1.431,0.095,0.331,0.174,0.34,0.548,0.976,1.903,1.073
176,TrimmedRawStackdistal.tif,5,176,1.105,0.814,1.167,1.8,0.814,1.167,1.361,0.545,0.983,0.095,0.335,0.176,0.341,0.174,0.434,1.07,1.907,1.744,5.212,0.247,0.112,0.08,6.144,1.431,0.096,0.334,0.174,0.342,0.55,0.977,1.906,1.074
177,TrimmedRawStackdistal.tif,5,177,1.106,0.815,1.167,1.8,0.815,1.167,1.361,0.546,0.986,0.095,0.337,0.176,0.342,0.175,0.436,1.072,1.91,1.766,5.241,0.248,0.113,0.082,6.144,1.431,0.096,0.335,0.175,0.343,0.552,0.977,1.907,1.077
178,TrimmedRawStackdistal.tif,5,178,1.108,0.816,1.166,1.8,0.816,1.166,1.36,0.549,0.988,0.096,0.339,0.177,0.343,0.174,0.437,1.075,1.914,1.767,5.252,0.251,0.111,0.08,6.144,1.431,0.097,0.337,0.175,0.344,0.556,0.98,1.911,1.083
179,TrimmedRawStackdistal.tif,5,179,1.112,0.818,1.166,1.8,0.818,1.166,1.359,0.552,0.991,0.096,0.341,0.177,0.344,0.174,0.439,1.08,1.916,1.772,5.278,0.247,0.111,0.083,6.144,1.431,0.098,0.34,0.174,0.346,0.56,0.983,1.912,1.089
180,TrimmedRawStackdistal.tif,5,180,1.116,0.818,1.166,1.8,0.818,1.166,1.359,0.555,0.994,0.097,0.343,0.178,0.345,0.175,0.441,1.083,1.917,1.783,5.326,0.249,0.111,0.085,6.144,1.431,0.098,0.342,0.174,0.346,0.564,0.986,1.914,1.094
181,TrimmedRawStackdistal.tif,5,181,1.118,0.82,1.166,1.8,0.82,1.166,1.358,0.558,0.995,0.098,0.345,0.178,0.347,0.175,0.443,1.087,1.916,1.771,5.298,0.254,0.113,0.089,6.144,1.431,0.099,0.344,0.174,0.348,0.568,0.987,1.913,1.1
182,TrimmedRawStackdistal.tif,5,182,1.121,0.821,1.166,1.8,0.821,1.166,1.357,0.562,0.998,0.098,0.347,0.178,0.348,0.174,0.444,1.091,1.917,1.773,5.309,0.241,0.111,0.086,6.144,1.431,0.099,0.346,0.173,0.35,0.573,0.989,1.914,1.107
183,TrimmedRawStackdistal.tif,5,183,1.122,0.821,1.165,1.8,0.821,1.165,1.356,0.568,1,0.099,0.349,0.179,0.349,0.174,0.446,1.095,1.92,1.815,5.336,0.242,0.109,0.086,6.144,1.431,0.1,0.348,0.173,0.351,0.579,0.992,1.917,1.116
184,TrimmedRawStackdistal.tif,5,184,1.123,0.822,1.165,1.8,0.822,1.165,1.355,0.571,1,0.099,0.351,0.179,0.351,0.173,0.448,1.099,1.921,1.815,5.351,0.231,0.102,0.081,6.144,1.431,0.1,0.35,0.172,0.353,0.583,0.991,1.92,1.122
185,TrimmedRawStackdistal.tif,5,185,1.124,0.823,1.165,1.8,0.823,1.165,1.355,0.578,1.002,0.099,0.354,0.179,0.353,0.172,0.45,1.103,1.924,1.815,5.378,0.236,0.099,0.081,6.144,1.431,0.101,0.352,0.171,0.355,0.59,0.993,1.923,1.131
186,TrimmedRawStackdistal.tif,5,186,1.125,0.824,1.164,1.8,0.824,1.164,1.355,0.582,1.004,0.1,0.356,0.179,0.355,0.171,0.453,1.108,1.926,1.803,5.39,0.244,0.098,0.081,6.144,1.431,0.101,0.355,0.17,0.357,0.594,0.995,1.924,1.137
187,TrimmedRawStackdistal.tif,5,187,1.127,0.825,1.163,1.8,0.825,1.163,1.354,0.587,1.005,0.1,0.359,0.179,0.357,0.171,0.455,1.112,1.929,1.809,5.385,0.223,0.088,0.07,6.144,1.431,0.102,0.357,0.17,0.359,0.599,0.996,1.925,1.143
188,TrimmedRawStackdistal.tif,5,188,1.131,0.826,1.162,1.8,0.826,1.162,1.354,0.597,1.008,0.101,0.361,0.18,0.358,0.17,0.457,1.123,1.931,1.81,5.4,0.207,0.088,0.071,6.144,1.431,0.103,0.36,0.169,0.36,0.609,0.999,1.927,1.156
189,TrimmedRawStackdistal.tif,5,189,1.133,0.827,1.162,1.8,0.827,1.162,1.353,0.605,1.01,0.102,0.364,0.18,0.36,0.168,0.46,1.132,1.932,1.789,5.427,0.224,0.086,0.071,6.144,1.431,0.103,0.362,0.167,0.362,0.618,1,1.929,1.167
190,TrimmedRawStackdistal.tif,5,190,1.136,0.828,1.162,1.8,0.828,1.162,1.352,0.613,1.011,0.103,0.366,0.18,0.362,0.167,0.461,1.14,1.936,1.784,5.459,0.228,0.085,0.073,6.144,1.431,0.104,0.364,0.167,0.364,0.626,1.001,1.931,1.178
191,TrimmedRawStackdistal.tif,5,191,1.14,0.829,1.162,1.8,0.829,1.162,1.352,0.622,1.011,0.104,0.369,0.181,0.365,0.167,0.464,1.151,1.939,1.788,5.473,0.231,0.087,0.076,6.144,1.431,0.105,0.367,0.166,0.366,0.634,1.001,1.934,1.189
192,TrimmedRawStackdistal.tif,5,192,1.143,0.83,1.162,1.8,0.83,1.162,1.351,0.627,1.012,0.105,0.371,0.181,0.367,0.167,0.466,1.158,1.943,1.786,5.514,0.232,0.086,0.076,6.144,1.431,0.106,0.369,0.166,0.369,0.639,1.002,1.938,1.196
193,TrimmedRawStackdistal.tif,5,193,1.147,0.831,1.163,1.8,0.831,1.163,1.351,0.636,1.013,0.106,0.373,0.182,0.368,0.166,0.469,1.168,1.945,1.811,5.532,0.23,0.08,0.07,6.144,1.431,0.108,0.372,0.166,0.371,0.647,1.002,1.937,1.206
194,TrimmedRawStackdistal.tif,5,194,1.152,0.832,1.162,1.8,0.832,1.162,1.351,0.643,1.015,0.107,0.376,0.183,0.37,0.167,0.472,1.179,1.947,1.818,5.551,0.237,0.081,0.073,6.144,1.431,0.109,0.374,0.167,0.373,0.654,1.002,1.937,1.215
195,TrimmedRawStackdistal.tif,5,195,1.158,0.834,1.163,1.8,0.834,1.163,1.35,0.652,1.017,0.109,0.379,0.184,0.372,0.167,0.475,1.191,1.951,1.819,5.569,0.192,0.071,0.06,6.144,1.431,0.11,0.377,0.167,0.376,0.662,1.004,1.939,1.226
196,TrimmedRawStackdistal.tif,5,196,1.165,0.835,1.162,1.8,0.835,1.162,1.349,0.661,1.019,0.11,0.381,0.185,0.374,0.167,0.478,1.202,1.951,1.828,5.601,0.198,0.072,0.062,6.144,1.431,0.112,0.379,0.168,0.377,0.669,1.005,1.942,1.235
197,TrimmedRawStackdistal.tif,5,197,1.169,0.835,1.162,1.8,0.835,1.162,1.349,0.67,1.022,0.112,0.383,0.185,0.375,0.167,0.48,1.213,1.95,1.803,5.701,0.196,0.07,0.061,6.144,1.431,0.114,0.381,0.168,0.378,0.677,1.009,1.945,1.245
198,TrimmedRawStackdistal.tif,5,198,1.174,0.836,1.161,1.8,0.836,1.161,1.349,0.679,1.023,0.113,0.385,0.186,0.377,0.167,0.484,1.224,1.953,1.789,5.736,0.215,0.07,0.061,6.144,1.431,0.115,0.384,0.167,0.38,0.686,1.01,1.947,1.256
199,TrimmedRawStackdistal.tif,5,199,1.178,0.837,1.159,1.8,0.837,1.159,1.35,0.685,1.025,0.114,0.388,0.187,0.379,0.167,0.487,1.234,1.959,1.791,5.748,0.214,0.066,0.057,6.144,1.431,0.116,0.387,0.168,0.382,0.694,1.013,1.954,1.266
200,TrimmedRawStackdistal.tif,5,200,1.184,0.838,1.158,1.8,0.838,1.158,1.35,0.693,1.027,0.116,0.391,0.188,0.381,0.167,0.49,1.243,1.961,1.793,5.803,0.169,0.062,0.052,6.144,1.431,0.118,0.389,0.168,0.384,0.701,1.015,1.957,1.275
201,TrimmedRawStackdistal.tif,5,201,1.19,0.84,1.157,1.8,0.84,1.157,1.35,0.701,1.029,0.117,0.394,0.189,0.383,0.167,0.493,1.251,1.965,1.809,5.831,0.178,0.064,0.056,6.144,1.431,0.119,0.392,0.168,0.386,0.709,1.016,1.959,1.285
202,TrimmedRawStackdistal.tif,5,202,1.195,0.841,1.157,1.8,0.841,1.157,1.351,0.705,1.031,0.119,0.397,0.19,0.385,0.169,0.497,1.26,1.969,1.806,5.884,0.199,0.059,0.051,6.144,1.431,0.121,0.395,0.17,0.388,0.714,1.018,1.963,1.292
203,TrimmedRawStackdistal.tif,5,203,1.198,0.844,1.156,1.8,0.844,1.156,1.35,0.707,1.032,0.121,0.398,0.19,0.386,0.171,0.5,1.265,1.971,1.81,5.86,0.179,0.057,0.05,6.144,1.431,0.123,0.397,0.172,0.389,0.717,1.019,1.965,1.298
204,TrimmedRawStackdistal.tif,5,204,1.205,0.846,1.155,1.8,0.846,1.155,1.349,0.713,1.034,0.123,0.401,0.191,0.388,0.173,0.504,1.275,1.974,1.809,5.907,0.175,0.056,0.05,6.144,1.431,0.125,0.399,0.174,0.391,0.721,1.022,1.967,1.307
205,TrimmedRawStackdistal.tif,5,205,1.211,0.848,1.153,1.8,0.848,1.153,1.349,0.719,1.037,0.125,0.403,0.192,0.389,0.174,0.507,1.283,1.979,1.805,5.883,0.178,0.053,0.048,6.144,1.431,0.127,0.401,0.175,0.392,0.728,1.025,1.97,1.315
206,TrimmedRawStackdistal.tif,5,206,1.217,0.851,1.153,1.8,0.851,1.153,1.35,0.728,1.038,0.127,0.406,0.193,0.391,0.175,0.512,1.293,1.98,1.809,6.042,0.169,0.052,0.047,6.144,1.431,0.129,0.404,0.175,0.394,0.737,1.027,1.972,1.328
207,TrimmedRawStackdistal.tif,5,207,1.225,0.854,1.153,1.8,0.854,1.153,1.351,0.736,1.039,0.13,0.409,0.195,0.394,0.177,0.517,1.304,1.982,1.805,5.931,0.171,0.049,0.044,6.144,1.431,0.132,0.407,0.177,0.396,0.745,1.028,1.973,1.342
208,TrimmedRawStackdistal.tif,5,208,1.235,0.856,1.152,1.8,0.856,1.152,1.351,0.743,1.041,0.133,0.412,0.196,0.396,0.179,0.521,1.317,1.983,1.793,5.96,0.14,0.046,0.04,6.144,1.431,0.135,0.41,0.179,0.398,0.751,1.032,1.977,1.353
209,TrimmedRawStackdistal.tif,5,209,1.244,0.858,1.151,1.8,0.858,1.151,1.351,0.749,1.044,0.135,0.415,0.197,0.397,0.181,0.525,1.326,1.987,1.798,5.975,0.16,0.047,0.043,6.144,1.431,0.137,0.413,0.181,0.399,0.758,1.035,1.98,1.363
210,TrimmedRawStackdistal.tif,5,210,1.254,0.861,1.15,1.8,0.861,1.15,1.35,0.755,1.047,0.138,0.418,0.199,0.399,0.183,0.529,1.334,1.99,1.802,6.041,0.141,0.046,0.042,6.144,1.431,0.14,0.416,0.183,0.401,0.764,1.037,1.982,1.374
211,TrimmedRawStackdistal.tif,5,211,1.266,0.863,1.149,1.8,0.863,1.149,1.35,0.76,1.049,0.141,0.421,0.201,0.401,0.186,0.534,1.343,1.991,1.801,6.051,0.135,0.044,0.038,6.144,1.431,0.143,0.419,0.186,0.404,0.77,1.039,1.984,1.383
212,TrimmedRawStackdistal.tif,5,212,1.277,0.865,1.149,1.8,0.865,1.149,1.351,0.764,1.051,0.144,0.425,0.203,0.404,0.188,0.539,1.35,1.994,1.805,6.079,0.132,0.042,0.037,6.144,1.431,0.146,0.423,0.188,0.406,0.773,1.04,1.986,1.389
213,TrimmedRawStackdistal.tif,5,213,1.288,0.867,1.149,1.8,0.867,1.149,1.349,0.768,1.054,0.147,0.428,0.204,0.406,0.191,0.543,1.355,1.996,1.806,6.14,0.139,0.042,0.038,6.144,1.431,0.149,0.426,0.191,0.409,0.777,1.043,1.988,1.396
214,TrimmedRawStackdistal.tif,5,214,1.301,0.87,1.15,1.8,0.87,1.15,1.347,0.771,1.055,0.149,0.431,0.206,0.409,0.194,0.549,1.367,1.999,1.8,6.242,0.133,0.04,0.036,6.144,1.431,0.151,0.429,0.194,0.411,0.78,1.045,1.991,1.401
215,TrimmedRawStackdistal.tif,5,215,1.313,0.871,1.149,1.8,0.871,1.149,1.347,0.775,1.058,0.152,0.435,0.208,0.411,0.196,0.553,1.377,2.001,1.803,6.227,0.127,0.038,0.034,6.144,1.431,0.154,0.433,0.197,0.413,0.784,1.048,1.994,1.408
216,TrimmedRawStackdistal.tif,5,216,1.326,0.873,1.148,1.8,0.873,1.148,1.347,0.778,1.062,0.155,0.438,0.21,0.413,0.199,0.557,1.387,2.004,1.804,6.274,0.124,0.038,0.034,6.144,1.431,0.157,0.436,0.199,0.415,0.787,1.052,1.996,1.412
217,TrimmedRawStackdistal.tif,5,217,1.341,0.874,1.148,1.8,0.874,1.148,1.349,0.783,1.064,0.158,0.443,0.213,0.416,0.202,0.563,1.395,2.007,1.804,6.287,0.135,0.037,0.033,6.144,1.431,0.16,0.441,0.202,0.418,0.792,1.055,2,1.418
218,TrimmedRawStackdistal.tif,5,218,1.352,0.875,1.149,1.8,0.875,1.149,1.349,0.787,1.063,0.161,0.445,0.214,0.419,0.205,0.569,1.399,2.008,1.792,6.442,0.127,0.037,0.033,6.144,1.431,0.163,0.443,0.205,0.421,0.796,1.054,2.002,1.424
219,TrimmedRawStackdistal.tif,5,219,1.371,0.876,1.15,1.8,0.876,1.15,1.349,0.789,1.061,0.165,0.451,0.217,0.425,0.209,0.579,1.41,2.006,1.781,6.501,0.127,0.037,0.033,6.144,1.431,0.167,0.449,0.209,0.426,0.797,1.053,2.001,1.428
220,TrimmedRawStackdistal.tif,5,220,1.387,0.877,1.15,1.8,0.877,1.15,1.347,0.792,1.061,0.168,0.456,0.22,0.429,0.213,0.587,1.419,2.006,1.787,6.57,0.127,0.036,0.032,6.144,1.431,0.17,0.454,0.213,0.431,0.801,1.053,2,1.438
221,TrimmedRawStackdistal.tif,5,221,1.404,0.878,1.15,1.8,0.878,1.15,1.348,0.794,1.062,0.172,0.462,0.223,0.435,0.216,0.595,1.427,2.005,1.795,6.6,0.126,0.037,0.033,6.144,1.431,0.174,0.46,0.216,0.436,0.803,1.053,2,1.444
222,TrimmedRawStackdistal.tif,5,222,1.42,0.879,1.149,1.8,0.879,1.149,1.351,0.799,1.062,0.175,0.466,0.225,0.439,0.219,0.602,1.432,2.004,1.824,6.516,0.122,0.036,0.032,6.144,1.431,0.177,0.464,0.219,0.441,0.807,1.054,1.998,1.453
223,TrimmedRawStackdistal.tif,5,223,1.436,0.88,1.149,1.8,0.88,1.149,1.352,0.802,1.061,0.178,0.471,0.228,0.444,0.222,0.61,1.436,2.002,1.827,6.594,0.118,0.036,0.031,6.144,1.431,0.18,0.469,0.222,0.446,0.81,1.053,2,1.458
224,TrimmedRawStackdistal.tif,5,224,1.453,0.883,1.147,1.8,0.883,1.147,1.356,0.803,1.062,0.181,0.476,0.231,0.448,0.226,0.618,1.437,2.002,1.747,6.572,0.115,0.035,0.03,6.144,1.431,0.183,0.474,0.226,0.45,0.81,1.055,2,1.459
225,TrimmedRawStackdistal.tif,5,225,1.471,0.887,1.145,1.8,0.887,1.145,1.36,0.801,1.062,0.186,0.481,0.234,0.453,0.232,0.627,1.437,2.001,1.74,6.638,0.122,0.036,0.03,6.144,1.431,0.187,0.48,0.231,0.454,0.808,1.057,2,1.459
226,TrimmedRawStackdistal.tif,5,226,1.49,0.892,1.143,1.8,0.892,1.143,1.367,0.799,1.063,0.191,0.487,0.238,0.458,0.239,0.637,1.438,2.002,1.916,6.681,0.117,0.036,0.03,6.144,1.431,0.192,0.486,0.239,0.459,0.804,1.058,1.998,1.459
227,TrimmedRawStackdistal.tif,5,227,1.512,0.897,1.141,1.8,0.897,1.141,1.371,0.796,1.062,0.197,0.494,0.242,0.465,0.247,0.65,1.441,2.002,1.914,6.698,0.12,0.037,0.031,6.144,1.431,0.198,0.493,0.247,0.466,0.8,1.059,1.994,1.465
228,TrimmedRawStackdistal.tif,5,228,1.532,0.901,1.142,1.8,0.901,1.142,1.373,0.793,1.06,0.202,0.5,0.245,0.471,0.255,0.658,1.445,2.001,1.913,6.68,0.113,0.037,0.031,6.144,1.431,0.203,0.499,0.254,0.472,0.799,1.057,1.99,1.469
229,TrimmedRawStackdistal.tif,5,229,1.55,0.905,1.144,1.8,0.905,1.144,1.372,0.792,1.056,0.208,0.502,0.248,0.476,0.262,0.661,1.456,2.012,2.255,6.676,0.118,0.037,0.032,6.144,1.431,0.209,0.501,0.262,0.476,0.796,1.054,1.986,1.473
230,TrimmedRawStackdistal.tif,5,230,1.557,0.907,1.146,1.8,0.907,1.146,1.368,0.793,1.051,0.212,0.502,0.249,0.477,0.268,0.661,1.466,2.02,2.257,6.631,0.124,0.038,0.033,6.144,1.431,0.213,0.5,0.267,0.477,0.797,1.05,1.982,1.48
231,TrimmedRawStackdistal.tif,5,231,1.564,0.907,1.148,1.8,0.907,1.148,1.363,0.795,1.048,0.216,0.501,0.25,0.477,0.271,0.66,1.476,2.026,2.254,6.595,0.125,0.037,0.032,6.144,1.431,0.217,0.499,0.271,0.477,0.801,1.046,1.976,1.486
232,TrimmedRawStackdistal.tif,5,232,1.574,0.909,1.149,1.8,0.909,1.149,1.356,0.795,1.047,0.22,0.502,0.25,0.479,0.277,0.662,1.486,2.03,2.252,6.591,0.128,0.036,0.031,6.144,1.431,0.222,0.5,0.277,0.479,0.801,1.043,1.969,1.496
233,TrimmedRawStackdistal.tif,5,233,1.587,0.909,1.151,1.8,0.909,1.151,1.354,0.796,1.046,0.223,0.504,0.252,0.482,0.28,0.667,1.492,2.032,2.253,6.632,0.127,0.037,0.032,6.144,1.431,0.225,0.503,0.28,0.483,0.803,1.04,1.964,1.501
234,TrimmedRawStackdistal.tif,5,234,1.597,0.91,1.152,1.8,0.91,1.152,1.356,0.798,1.043,0.227,0.506,0.254,0.485,0.284,0.67,1.5,2.035,2.254,6.627,0.134,0.036,0.033,6.144,1.431,0.228,0.505,0.284,0.487,0.804,1.036,1.96,1.509
235,TrimmedRawStackdistal.tif,5,235,1.605,0.91,1.152,1.8,0.91,1.152,1.357,0.799,1.043,0.231,0.506,0.256,0.485,0.289,0.673,1.508,2.037,2.237,6.664,0.158,0.037,0.035,6.144,1.431,0.232,0.505,0.288,0.487,0.805,1.036,1.956,1.516
236,TrimmedRawStackdistal.tif,5,236,1.618,0.911,1.153,1.8,0.911,1.153,1.347,0.799,1.04,0.235,0.509,0.256,0.489,0.294,0.678,1.517,2.038,2.248,6.65,0.142,0.037,0.035,6.144,1.431,0.237,0.507,0.294,0.49,0.806,1.033,1.951,1.524
237,TrimmedRawStackdistal.tif,5,237,1.631,0.915,1.156,1.8,0.915,1.156,1.335,0.798,1.035,0.241,0.513,0.257,0.495,0.302,0.687,1.525,2.042,2.245,6.696,0.159,0.038,0.036,6.144,1.431,0.243,0.51,0.302,0.496,0.805,1.028,1.951,1.531
238,TrimmedRawStackdistal.tif,5,238,1.637,0.915,1.156,1.8,0.915,1.156,1.33,0.799,1.033,0.244,0.514,0.257,0.498,0.305,0.69,1.53,2.042,2.208,6.726,0.138,0.038,0.035,6.144,1.431,0.247,0.511,0.306,0.498,0.807,1.027,1.952,1.537
239,TrimmedRawStackdistal.tif,5,239,1.643,0.913,1.153,1.8,0.913,1.153,1.34,0.803,1.03,0.246,0.514,0.259,0.499,0.307,0.687,1.535,2.045,2.244,6.642,0.141,0.039,0.037,6.144,1.431,0.249,0.512,0.307,0.497,0.811,1.029,1.953,1.543
240,TrimmedRawStackdistal.tif,5,240,1.648,0.913,1.152,1.8,0.913,1.152,1.34,0.804,1.029,0.25,0.512,0.26,0.498,0.311,0.686,1.539,2.047,2.236,6.609,0.138,0.039,0.036,6.144,1.431,0.252,0.51,0.31,0.496,0.812,1.028,1.95,1.548
241,TrimmedRawStackdistal.tif,5,241,1.656,0.912,1.153,1.8,0.912,1.153,1.342,0.807,1.027,0.252,0.514,0.262,0.5,0.312,0.687,1.545,2.049,2.267,6.675,0.15,0.04,0.038,6.144,1.431,0.254,0.512,0.311,0.499,0.815,1.025,1.951,1.552
242,TrimmedRawStackdistal.tif,5,242,1.664,0.913,1.153,1.8,0.913,1.153,1.337,0.807,1.027,0.253,0.515,0.262,0.501,0.314,0.687,1.55,2.056,2.263,6.701,0.135,0.039,0.037,6.144,1.431,0.255,0.512,0.313,0.501,0.816,1.024,1.95,1.555
243,TrimmedRawStackdistal.tif,5,243,1.669,0.913,1.152,1.8,0.913,1.152,1.337,0.807,1.027,0.256,0.515,0.263,0.501,0.317,0.687,1.551,2.064,2.404,6.748,0.136,0.039,0.037,6.144,1.431,0.258,0.512,0.316,0.501,0.816,1.022,1.951,1.559
244,TrimmedRawStackdistal.tif,5,244,1.686,0.914,1.152,1.8,0.914,1.152,1.339,0.808,1.027,0.259,0.518,0.266,0.505,0.321,0.691,1.553,2.073,2.402,6.737,0.138,0.04,0.037,6.144,1.431,0.262,0.516,0.32,0.506,0.817,1.021,1.952,1.561
245,TrimmedRawStackdistal.tif,5,245,1.697,0.914,1.152,1.8,0.914,1.152,1.34,0.809,1.028,0.262,0.519,0.268,0.505,0.324,0.69,1.556,2.083,2.401,6.754,0.147,0.041,0.039,6.144,1.431,0.264,0.517,0.323,0.507,0.817,1.02,1.953,1.563
246,TrimmedRawStackdistal.tif,5,246,1.708,0.914,1.152,1.8,0.914,1.152,1.343,0.809,1.028,0.264,0.52,0.27,0.505,0.327,0.69,1.558,2.093,2.404,6.809,0.145,0.042,0.039,6.144,1.431,0.266,0.518,0.326,0.51,0.816,1.016,1.953,1.564
247,TrimmedRawStackdistal.tif,5,247,1.722,0.914,1.152,1.8,0.914,1.152,1.34,0.809,1.032,0.267,0.521,0.272,0.505,0.33,0.69,1.559,2.102,2.387,6.821,0.144,0.041,0.038,6.144,1.431,0.269,0.519,0.329,0.512,0.817,1.013,1.952,1.566
248,TrimmedRawStackdistal.tif,5,248,1.731,0.913,1.153,1.8,0.913,1.153,1.34,0.809,1.033,0.269,0.521,0.273,0.504,0.333,0.689,1.56,2.111,2.406,6.849,0.154,0.042,0.04,6.144,1.431,0.271,0.519,0.332,0.514,0.818,1.009,1.952,1.568
249,TrimmedRawStackdistal.tif,5,249,1.753,0.914,1.152,1.8,0.914,1.152,1.34,0.809,1.038,0.273,0.524,0.277,0.505,0.337,0.694,1.561,2.117,2.409,6.966,0.145,0.042,0.04,6.144,1.431,0.275,0.522,0.336,0.519,0.818,1.007,1.953,1.57
250,TrimmedRawStackdistal.tif,5,250,1.766,0.914,1.153,1.8,0.914,1.153,1.339,0.81,1.041,0.275,0.527,0.279,0.506,0.34,0.696,1.561,2.125,2.411,6.945,0.159,0.046,0.043,6.144,1.431,0.277,0.525,0.339,0.524,0.819,1.002,1.953,1.571
251,TrimmedRawStackdistal.tif,5,251,1.777,0.914,1.154,1.8,0.914,1.154,1.335,0.81,1.045,0.277,0.529,0.28,0.507,0.342,0.697,1.562,2.132,2.38,6.9,0.15,0.045,0.042,6.144,1.431,0.279,0.527,0.341,0.525,0.82,1.003,1.958,1.572
252,TrimmedRawStackdistal.tif,5,252,1.794,0.916,1.155,1.8,0.916,1.155,1.33,0.808,1.048,0.28,0.533,0.282,0.508,0.347,0.702,1.562,2.138,2.385,6.926,0.155,0.045,0.041,6.144,1.431,0.283,0.53,0.346,0.527,0.818,1.005,1.965,1.572
253,TrimmedRawStackdistal.tif,5,253,1.814,0.916,1.159,1.8,0.916,1.159,1.321,0.808,1.05,0.282,0.537,0.284,0.511,0.348,0.706,1.563,2.149,2.401,6.949,0.164,0.048,0.044,6.144,1.431,0.285,0.534,0.348,0.532,0.819,1.004,1.97,1.573
254,TrimmedRawStackdistal.tif,5,254,1.825,0.917,1.156,1.8,0.917,1.156,1.319,0.807,1.057,0.284,0.537,0.285,0.509,0.352,0.706,1.562,2.158,2.403,6.958,0.156,0.047,0.042,6.144,1.431,0.287,0.534,0.351,0.529,0.817,1.009,1.977,1.573
255,TrimmedRawStackdistal.tif,5,255,1.839,0.917,1.156,1.8,0.917,1.156,1.322,0.807,1.058,0.286,0.54,0.288,0.51,0.355,0.708,1.562,2.168,2.396,6.954,0.161,0.048,0.044,6.144,1.431,0.289,0.537,0.354,0.531,0.817,1.012,1.984,1.574
256,TrimmedRawStackdistal.tif,5,256,1.847,0.917,1.156,1.8,0.917,1.156,1.319,0.806,1.062,0.288,0.541,0.289,0.509,0.357,0.71,1.563,2.171,2.392,6.976,0.16,0.049,0.044,6.144,1.431,0.291,0.538,0.356,0.53,0.817,1.016,1.989,1.574
257,TrimmedRawStackdistal.tif,5,257,1.867,0.919,1.155,1.8,0.919,1.155,1.315,0.804,1.066,0.291,0.544,0.291,0.51,0.361,0.714,1.563,2.174,2.391,7.01,0.163,0.049,0.044,6.144,1.431,0.294,0.54,0.361,0.53,0.815,1.019,1.995,1.574
258,TrimmedRawStackdistal.tif,5,258,1.875,0.919,1.157,1.8,0.919,1.157,1.311,0.804,1.068,0.291,0.547,0.292,0.512,0.362,0.717,1.562,2.18,2.375,6.973,0.178,0.051,0.046,6.144,1.431,0.294,0.543,0.361,0.533,0.815,1.019,2.001,1.573
259,TrimmedRawStackdistal.tif,5,259,1.89,0.919,1.156,1.8,0.919,1.156,1.312,0.803,1.072,0.293,0.548,0.294,0.511,0.364,0.718,1.561,2.187,2.387,6.982,0.161,0.052,0.046,6.144,1.431,0.296,0.545,0.364,0.533,0.814,1.022,2.005,1.574
260,TrimmedRawStackdistal.tif,5,260,1.905,0.919,1.157,1.8,0.919,1.157,1.303,0.801,1.08,0.294,0.553,0.295,0.513,0.368,0.722,1.56,2.193,2.386,7.014,0.167,0.052,0.045,6.144,1.431,0.299,0.549,0.367,0.537,0.813,1.023,2.01,1.574
261,TrimmedRawStackdistal.tif,5,261,1.91,0.919,1.157,1.8,0.919,1.157,1.304,0.801,1.083,0.294,0.555,0.296,0.512,0.366,0.72,1.559,2.198,2.374,7.018,0.168,0.054,0.047,6.144,1.431,0.298,0.551,0.366,0.536,0.813,1.027,2.015,1.573
262,TrimmedRawStackdistal.tif,5,262,1.919,0.919,1.156,1.8,0.919,1.156,1.302,0.8,1.087,0.295,0.556,0.297,0.512,0.368,0.72,1.558,2.205,2.373,7.027,0.191,0.054,0.048,6.144,1.431,0.299,0.552,0.368,0.536,0.812,1.029,2.02,1.572
263,TrimmedRawStackdistal.tif,5,263,1.929,0.918,1.156,1.8,0.918,1.156,1.303,0.799,1.089,0.295,0.56,0.299,0.514,0.368,0.722,1.555,2.208,2.375,7.06,0.208,0.058,0.052,6.144,1.431,0.299,0.555,0.368,0.538,0.812,1.032,2.026,1.571
264,TrimmedRawStackdistal.tif,5,264,1.936,0.919,1.157,1.8,0.919,1.157,1.302,0.797,1.089,0.294,0.563,0.3,0.517,0.369,0.724,1.554,2.211,2.37,7.005,0.187,0.056,0.048,6.144,1.431,0.299,0.558,0.369,0.541,0.809,1.032,2.03,1.57
265,TrimmedRawStackdistal.tif,5,265,1.952,0.919,1.158,1.8,0.919,1.158,1.301,0.797,1.091,0.295,0.565,0.302,0.518,0.37,0.727,1.552,2.212,2.365,7.045,0.224,0.059,0.053,6.144,1.431,0.299,0.561,0.37,0.543,0.809,1.032,2.032,1.569
266,TrimmedRawStackdistal.tif,5,266,1.96,0.919,1.157,1.8,0.919,1.157,1.299,0.795,1.094,0.294,0.568,0.303,0.519,0.371,0.727,1.55,2.215,2.363,7.036,0.196,0.06,0.051,6.144,1.431,0.299,0.563,0.37,0.545,0.808,1.034,2.035,1.567
267,TrimmedRawStackdistal.tif,5,267,1.967,0.918,1.159,1.8,0.918,1.159,1.296,0.793,1.096,0.294,0.57,0.304,0.52,0.371,0.729,1.547,2.215,2.364,7.021,0.214,0.061,0.054,6.144,1.431,0.299,0.565,0.371,0.546,0.806,1.034,2.04,1.565
268,TrimmedRawStackdistal.tif,5,268,1.968,0.918,1.157,1.8,0.918,1.157,1.3,0.791,1.097,0.291,0.571,0.305,0.52,0.368,0.725,1.542,2.216,2.355,7.071,0.209,0.063,0.055,6.144,1.431,0.296,0.566,0.367,0.546,0.805,1.037,2.042,1.562
269,TrimmedRawStackdistal.tif,5,269,1.977,0.917,1.159,1.8,0.917,1.159,1.3,0.788,1.098,0.29,0.572,0.306,0.521,0.368,0.726,1.54,2.217,2.348,7.053,0.227,0.065,0.058,6.144,1.431,0.295,0.568,0.367,0.547,0.802,1.039,2.046,1.559
270,TrimmedRawStackdistal.tif,5,270,1.983,0.917,1.16,1.8,0.917,1.16,1.298,0.786,1.098,0.289,0.575,0.307,0.524,0.368,0.728,1.536,2.218,2.344,7.044,0.198,0.064,0.055,6.144,1.431,0.294,0.57,0.368,0.549,0.8,1.038,2.048,1.555
271,TrimmedRawStackdistal.tif,5,271,1.986,0.917,1.16,1.8,0.917,1.16,1.3,0.785,1.098,0.287,0.578,0.307,0.526,0.366,0.728,1.531,2.22,2.348,7.033,0.253,0.072,0.066,6.144,1.431,0.292,0.573,0.366,0.551,0.798,1.04,2.05,1.553
272,TrimmedRawStackdistal.tif,5,272,1.995,0.916,1.161,1.8,0.916,1.161,1.301,0.784,1.098,0.286,0.58,0.309,0.529,0.365,0.73,1.528,2.219,2.333,7.027,0.224,0.07,0.06,6.144,1.431,0.291,0.575,0.366,0.554,0.796,1.039,2.052,1.549
273,TrimmedRawStackdistal.tif,5,273,1.999,0.916,1.162,1.8,0.916,1.162,1.301,0.781,1.098,0.284,0.583,0.309,0.531,0.364,0.73,1.524,2.218,2.322,7.033,0.32,0.08,0.08,6.144,1.431,0.289,0.578,0.364,0.556,0.794,1.04,2.053,1.546
274,TrimmedRawStackdistal.tif,5,274,2.001,0.915,1.161,1.8,0.915,1.161,1.305,0.78,1.099,0.281,0.585,0.31,0.532,0.361,0.728,1.519,2.219,2.326,6.993,0.278,0.08,0.074,6.144,1.431,0.286,0.58,0.361,0.557,0.793,1.042,2.055,1.543
275,TrimmedRawStackdistal.tif,5,275,2,0.915,1.161,1.8,0.915,1.161,1.307,0.779,1.099,0.279,0.586,0.311,0.534,0.358,0.728,1.516,2.219,2.326,7.019,0.303,0.083,0.078,6.144,1.431,0.283,0.582,0.359,0.558,0.791,1.043,2.056,1.538
276,TrimmedRawStackdistal.tif,5,276,1.998,0.914,1.163,1.8,0.914,1.163,1.305,0.777,1.098,0.275,0.589,0.31,0.536,0.354,0.729,1.51,2.219,2.316,7.001,0.29,0.083,0.077,6.144,1.431,0.28,0.584,0.355,0.561,0.789,1.041,2.058,1.533
277,TrimmedRawStackdistal.tif,5,277,1.998,0.912,1.165,1.8,0.912,1.165,1.308,0.777,1.096,0.272,0.59,0.31,0.538,0.351,0.728,1.504,2.22,2.306,6.985,0.282,0.083,0.075,6.144,1.431,0.277,0.585,0.351,0.563,0.789,1.039,2.058,1.529
278,TrimmedRawStackdistal.tif,5,278,1.99,0.911,1.165,1.8,0.911,1.165,1.308,0.775,1.097,0.268,0.59,0.309,0.538,0.346,0.725,1.501,2.22,2.294,6.991,0.282,0.088,0.083,6.144,1.431,0.273,0.585,0.347,0.563,0.787,1.041,2.061,1.524
279,TrimmedRawStackdistal.tif,5,279,1.989,0.911,1.164,1.8,0.911,1.164,1.311,0.772,1.096,0.265,0.591,0.31,0.539,0.343,0.722,1.495,2.22,2.296,7.006,0.239,0.081,0.068,6.144,1.431,0.269,0.586,0.344,0.563,0.783,1.042,2.06,1.518
280,TrimmedRawStackdistal.tif,5,280,1.987,0.909,1.165,1.8,0.909,1.165,1.312,0.77,1.094,0.261,0.591,0.309,0.54,0.339,0.719,1.491,2.219,2.289,7.002,0.296,0.089,0.08,6.144,1.431,0.265,0.586,0.34,0.563,0.782,1.041,2.061,1.513
281,TrimmedRawStackdistal.tif,5,281,1.982,0.909,1.166,1.8,0.909,1.166,1.312,0.769,1.092,0.256,0.593,0.309,0.543,0.333,0.719,1.484,2.218,2.289,6.944,0.291,0.096,0.089,6.144,1.431,0.261,0.588,0.335,0.566,0.778,1.04,2.061,1.508
282,TrimmedRawStackdistal.tif,5,282,1.975,0.909,1.166,1.8,0.909,1.166,1.313,0.766,1.091,0.252,0.594,0.308,0.544,0.33,0.717,1.477,2.216,2.289,6.944,0.291,0.091,0.082,6.144,1.431,0.257,0.589,0.331,0.567,0.776,1.039,2.061,1.502
283,TrimmedRawStackdistal.tif,5,283,1.966,0.908,1.166,1.8,0.908,1.166,1.317,0.764,1.09,0.247,0.594,0.307,0.545,0.323,0.713,1.471,2.212,2.294,6.944,0.26,0.092,0.081,6.144,1.431,0.251,0.589,0.325,0.567,0.774,1.039,2.06,1.497
284,TrimmedRawStackdistal.tif,5,284,1.96,0.907,1.166,1.8,0.907,1.166,1.318,0.762,1.088,0.242,0.594,0.306,0.546,0.317,0.711,1.462,2.209,2.288,6.888,0.289,0.097,0.086,6.144,1.431,0.246,0.59,0.319,0.568,0.772,1.037,2.06,1.491
285,TrimmedRawStackdistal.tif,5,285,1.952,0.907,1.167,1.8,0.907,1.167,1.318,0.759,1.085,0.237,0.595,0.305,0.549,0.312,0.709,1.455,2.208,2.274,6.859,0.279,0.096,0.086,6.144,1.431,0.242,0.591,0.315,0.571,0.768,1.035,2.059,1.483
286,TrimmedRawStackdistal.tif,5,286,1.941,0.906,1.168,1.8,0.906,1.168,1.319,0.756,1.083,0.232,0.596,0.303,0.55,0.307,0.707,1.448,2.205,2.275,6.836,0.289,0.098,0.086,6.144,1.431,0.237,0.591,0.31,0.573,0.765,1.033,2.059,1.478
287,TrimmedRawStackdistal.tif,5,287,1.926,0.905,1.169,1.8,0.905,1.169,1.321,0.754,1.082,0.226,0.594,0.301,0.55,0.3,0.701,1.44,2.202,2.265,6.83,0.287,0.098,0.084,6.144,1.431,0.231,0.59,0.303,0.572,0.762,1.032,2.059,1.47
288,TrimmedRawStackdistal.tif,5,288,1.915,0.903,1.168,1.8,0.903,1.168,1.324,0.751,1.08,0.221,0.595,0.3,0.551,0.294,0.698,1.432,2.198,2.255,6.813,0.291,0.106,0.092,6.144,1.431,0.225,0.59,0.296,0.573,0.76,1.031,2.059,1.462
289,TrimmedRawStackdistal.tif,5,289,1.903,0.903,1.168,1.8,0.903,1.168,1.322,0.747,1.078,0.215,0.596,0.298,0.552,0.288,0.694,1.424,2.195,2.25,6.806,0.313,0.104,0.093,6.144,1.431,0.22,0.591,0.291,0.574,0.756,1.029,2.06,1.454
290,TrimmedRawStackdistal.tif,5,290,1.888,0.902,1.168,1.8,0.902,1.168,1.323,0.743,1.075,0.209,0.594,0.296,0.553,0.282,0.69,1.416,2.191,2.243,6.807,0.316,0.107,0.098,6.144,1.431,0.214,0.59,0.284,0.573,0.751,1.029,2.058,1.445
291,TrimmedRawStackdistal.tif,5,291,1.873,0.902,1.168,1.8,0.902,1.168,1.326,0.74,1.072,0.203,0.595,0.294,0.555,0.274,0.687,1.408,2.186,2.233,6.783,0.32,0.109,0.099,6.144,1.431,0.207,0.591,0.277,0.573,0.748,1.03,2.057,1.436
292,TrimmedRawStackdistal.tif,5,292,1.858,0.901,1.167,1.8,0.901,1.167,1.325,0.735,1.073,0.197,0.597,0.291,0.556,0.268,0.684,1.399,2.182,2.234,6.732,0.321,0.113,0.1,6.144,1.431,0.201,0.592,0.27,0.576,0.743,1.029,2.057,1.427
293,TrimmedRawStackdistal.tif,5,293,1.836,0.899,1.166,1.8,0.899,1.166,1.326,0.731,1.073,0.191,0.592,0.288,0.552,0.261,0.676,1.388,2.178,2.215,6.704,0.293,0.11,0.096,6.144,1.431,0.195,0.588,0.264,0.571,0.739,1.029,2.056,1.417
294,TrimmedRawStackdistal.tif,5,294,1.817,0.899,1.167,1.8,0.899,1.167,1.327,0.725,1.07,0.185,0.589,0.285,0.551,0.255,0.67,1.38,2.172,2.208,6.727,0.29,0.114,0.1,6.144,1.431,0.189,0.585,0.258,0.568,0.733,1.029,2.055,1.405
295,TrimmedRawStackdistal.tif,5,295,1.802,0.9,1.168,1.8,0.9,1.168,1.328,0.72,1.067,0.178,0.588,0.283,0.551,0.248,0.666,1.369,2.168,2.206,6.666,0.34,0.122,0.11,6.144,1.431,0.183,0.584,0.251,0.566,0.728,1.031,2.054,1.396
296,TrimmedRawStackdistal.tif,5,296,1.781,0.9,1.171,1.8,0.9,1.171,1.329,0.715,1.06,0.172,0.583,0.28,0.55,0.24,0.66,1.358,2.161,2.195,6.669,0.343,0.12,0.106,6.144,1.431,0.176,0.579,0.244,0.561,0.722,1.033,2.054,1.384
297,TrimmedRawStackdistal.tif,5,297,1.758,0.899,1.172,1.8,0.899,1.172,1.331,0.711,1.055,0.165,0.577,0.276,0.547,0.233,0.654,1.346,2.153,2.183,6.652,0.372,0.129,0.116,6.144,1.431,0.169,0.573,0.236,0.555,0.717,1.032,2.051,1.374
298,TrimmedRawStackdistal.tif,5,298,1.736,0.9,1.175,1.8,0.9,1.175,1.332,0.705,1.052,0.159,0.571,0.273,0.543,0.226,0.647,1.336,2.148,2.17,6.61,0.365,0.129,0.115,6.144,1.431,0.163,0.567,0.23,0.549,0.711,1.033,2.049,1.363
299,TrimmedRawStackdistal.tif,5,299,1.711,0.9,1.177,1.8,0.9,1.177,1.333,0.7,1.048,0.153,0.564,0.269,0.539,0.219,0.639,1.326,2.142,2.122,6.522,0.349,0.13,0.111,6.144,1.431,0.157,0.56,0.222,0.542,0.706,1.034,2.046,1.352
300,TrimmedRawStackdistal.tif,5,300,1.69,0.9,1.18,1.8,0.9,1.18,1.334,0.695,1.043,0.147,0.557,0.266,0.534,0.212,0.632,1.314,2.137,2.116,6.587,0.33,0.132,0.111,6.144,1.431,0.151,0.553,0.216,0.534,0.7,1.036,2.044,1.34
301,TrimmedRawStackdistal.tif,5,301,1.664,0.901,1.183,1.8,0.901,1.183,1.336,0.69,1.039,0.14,0.55,0.262,0.53,0.204,0.624,1.303,2.132,2.106,6.532,0.318,0.129,0.106,6.144,1.431,0.144,0.547,0.208,0.527,0.694,1.037,2.042,1.327
302,TrimmedRawStackdistal.tif,5,302,1.643,0.902,1.187,1.8,0.902,1.187,1.337,0.682,1.032,0.134,0.542,0.259,0.525,0.197,0.615,1.289,2.128,2.111,6.462,0.321,0.132,0.107,6.144,1.431,0.138,0.538,0.201,0.519,0.686,1.037,2.038,1.315
303,TrimmedRawStackdistal.tif,5,303,1.614,0.902,1.191,1.8,0.902,1.191,1.339,0.677,1.026,0.128,0.532,0.255,0.519,0.189,0.605,1.277,2.121,2.091,6.429,0.397,0.143,0.118,6.144,1.431,0.131,0.528,0.193,0.509,0.681,1.039,2.033,1.304
304,TrimmedRawStackdistal.tif,5,304,1.591,0.903,1.195,1.8,0.903,1.195,1.341,0.672,1.026,0.122,0.523,0.251,0.509,0.182,0.596,1.263,2.114,2.089,6.399,0.314,0.149,0.113,6.144,1.431,0.125,0.519,0.186,0.499,0.674,1.041,2.029,1.291
305,TrimmedRawStackdistal.tif,5,305,1.56,0.903,1.2,1.8,0.903,1.2,1.342,0.666,1.031,0.115,0.512,0.247,0.497,0.173,0.584,1.248,2.106,2.08,6.405,0.309,0.14,0.102,6.144,1.431,0.118,0.509,0.177,0.488,0.668,1.042,2.025,1.277
306,TrimmedRawStackdistal.tif,5,306,1.533,0.905,1.206,1.8,0.905,1.206,1.343,0.657,1.038,0.109,0.501,0.242,0.483,0.165,0.574,1.233,2.098,2.068,6.378,0.329,0.147,0.111,6.144,1.431,0.112,0.498,0.169,0.476,0.659,1.045,2.021,1.263
307,TrimmedRawStackdistal.tif,5,307,1.507,0.906,1.21,1.8,0.906,1.21,1.344,0.65,1.041,0.102,0.489,0.238,0.47,0.157,0.56,1.22,2.088,2.053,6.309,0.315,0.155,0.109,6.144,1.431,0.105,0.486,0.161,0.464,0.651,1.046,2.018,1.247
308,TrimmedRawStackdistal.tif,5,308,1.476,0.909,1.217,1.8,0.909,1.217,1.346,0.641,1.045,0.096,0.475,0.234,0.455,0.149,0.54,1.203,2.079,2.05,6.246,0.354,0.167,0.118,6.144,1.431,0.098,0.472,0.153,0.45,0.643,1.051,2.015,1.232
309,TrimmedRawStackdistal.tif,5,309,1.444,0.91,1.224,1.8,0.91,1.224,1.347,0.634,1.048,0.089,0.46,0.229,0.439,0.141,0.519,1.189,2.07,2.037,6.216,0.348,0.165,0.112,6.144,1.431,0.092,0.457,0.145,0.434,0.634,1.054,2.012,1.216
310,TrimmedRawStackdistal.tif,5,310,1.41,0.912,1.23,1.8,0.912,1.23,1.35,0.624,1.05,0.083,0.443,0.224,0.421,0.133,0.496,1.17,2.059,2.015,6.238,0.333,0.167,0.108,6.144,1.431,0.085,0.44,0.137,0.416,0.623,1.057,2.007,1.198
311,TrimmedRawStackdistal.tif,5,311,1.369,0.915,1.238,1.8,0.915,1.238,1.351,0.614,1.053,0.076,0.423,0.217,0.402,0.124,0.471,1.152,2.049,2,6.229,0.339,0.167,0.108,6.144,1.431,0.079,0.421,0.128,0.398,0.612,1.059,2.002,1.181
312,TrimmedRawStackdistal.tif,5,312,1.326,0.918,1.247,1.8,0.918,1.247,1.353,0.603,1.057,0.07,0.402,0.211,0.381,0.116,0.444,1.134,2.037,1.98,6.14,0.353,0.188,0.115,6.144,1.431,0.072,0.4,0.12,0.377,0.601,1.062,1.995,1.162
313,TrimmedRawStackdistal.tif,5,313,1.277,0.921,1.259,1.8,0.921,1.259,1.354,0.595,1.062,0.064,0.379,0.203,0.357,0.107,0.416,1.116,2.023,1.959,6.244,0.386,0.201,0.122,6.144,1.431,0.066,0.378,0.111,0.355,0.591,1.064,1.987,1.145
314,TrimmedRawStackdistal.tif,5,314,1.22,0.925,1.272,1.8,0.925,1.272,1.357,0.584,1.066,0.058,0.353,0.194,0.331,0.099,0.385,1.094,2.006,1.949,6.083,0.494,0.23,0.154,6.144,1.431,0.059,0.352,0.102,0.33,0.579,1.066,1.975,1.125
315,TrimmedRawStackdistal.tif,5,315,1.158,0.929,1.287,1.8,0.929,1.287,1.359,0.573,1.07,0.052,0.325,0.185,0.304,0.091,0.352,1.076,1.989,1.934,6.027,0.486,0.239,0.165,6.144,1.431,0.053,0.324,0.094,0.303,0.567,1.069,1.96,1.106
316,TrimmedRawStackdistal.tif,5,316,1.092,0.934,1.304,1.8,0.934,1.304,1.363,0.561,1.076,0.046,0.294,0.174,0.273,0.083,0.316,1.055,1.969,1.926,6.229,0.431,0.233,0.142,6.144,1.431,0.048,0.293,0.086,0.273,0.554,1.075,1.945,1.085
317,TrimmedRawStackdistal.tif,5,317,1.02,0.942,1.327,1.8,0.942,1.327,1.366,0.547,1.082,0.041,0.261,0.163,0.241,0.075,0.279,1.033,1.947,1.897,6.128,0.382,0.208,0.122,6.144,1.431,0.042,0.26,0.078,0.24,0.539,1.081,1.924,1.065
318,TrimmedRawStackdistal.tif,5,318,0.94,0.951,1.357,1.8,0.951,1.357,1.371,0.535,1.079,0.037,0.222,0.151,0.205,0.069,0.239,1.014,1.908,1.864,6.126,0.329,0.199,0.108,6.144,1.431,0.037,0.221,0.071,0.205,0.525,1.078,1.888,1.044
319,TrimmedRawStackdistal.tif,5,319,0.841,0.961,1.401,1.8,0.961,1.401,1.373,0.522,1.078,0.032,0.175,0.135,0.162,0.061,0.192,0.99,1.857,1.856,6.198,0.298,0.183,0.096,6.144,1.431,0.033,0.174,0.064,0.162,0.51,1.076,1.839,1.022
320,TrimmedRawStackdistal.tif,5,320,0.737,0.975,1.469,1.8,0.975,1.469,1.362,0.513,1.092,0.028,0.119,0.118,0.109,0.055,0.135,0.967,1.292,1.864,4.522,0.32,0.174,0.1,6.144,1.431,0.029,0.119,0.057,0.109,0.503,1.092,1.28,0.998
321,TrimmedRawStackdistal.tif,5,321,0.654,0.985,1.514,1.8,0.985,1.514,1.349,0.504,1.059,0.025,0.079,0.104,0.075,0.049,0.098,0.943,1.248,1.867,4.358,0.301,0.177,0.099,6.144,1.431,0.025,0.079,0.051,0.075,0.494,1.056,1.238,0.974
322,TrimmedRawStackdistal.tif,5,322,0.608,0.986,1.511,1.8,0.986,1.511,1.351,0.489,0.65,0.021,0.073,0.097,0.112,0.044,0.142,0.918,1.217,1.848,4.297,0.326,0.202,0.108,6.144,1.431,0.022,0.072,0.045,0.113,0.484,0.642,1.21,0.949
323,TrimmedRawStackdistal.tif,5,323,0.558,0.986,1.505,1.8,0.986,1.505,1.349,0.475,0.65,0.018,0.066,0.088,0.102,0.039,0.129,0.892,1.193,1.859,4.433,0.318,0.181,0.099,6.144,1.431,0.019,0.066,0.04,0.102,0.472,0.644,1.19,0.923
324,TrimmedRawStackdistal.tif,5,324,0.502,0.987,1.494,1.8,0.987,1.494,1.35,0.458,0.653,0.016,0.06,0.08,0.092,0.034,0.115,0.867,1.176,1.689,4.54,0.303,0.193,0.099,6.144,1.431,0.016,0.059,0.035,0.092,0.462,0.649,1.176,0.897
325,TrimmedRawStackdistal.tif,5,325,0.437,0.985,1.478,1.8,0.985,1.478,1.354,0.443,0.662,0.013,0.053,0.069,0.08,0.03,0.1,NaN,NaN,NaN,NaN,0.388,0.231,0.137,6.144,1.431,0.014,0.053,0.03,0.08,0.448,0.659,NaN,NaN
326,TrimmedRawStackdistal.tif,5,326,0.379,0.982,1.454,1.8,0.982,1.454,1.353,0.427,0.676,0.011,0.045,0.06,0.067,0.027,0.084,NaN,NaN,NaN,NaN,0.343,0.208,0.123,6.144,1.431,0.012,0.045,0.026,0.067,0.436,0.673,NaN,NaN
327,TrimmedRawStackdistal.tif,5,327,0.326,0.979,1.422,1.8,0.979,1.422,1.347,0.41,0.689,0.01,0.037,0.052,0.053,0.023,0.067,0.428,0.817,0.232,2.143,0.288,0.177,0.103,6.144,1.431,0.01,0.036,0.023,0.053,0.422,0.687,0.439,0.815
328,TrimmedRawStackdistal.tif,5,328,0.267,0.971,1.369,1.8,0.971,1.369,1.326,0.393,0.71,0.008,0.025,0.042,0.035,0.02,0.046,0.389,0.786,0.216,2.06,0.247,0.148,0.08,6.144,1.431,0.008,0.025,0.02,0.035,0.406,0.708,0.393,0.783
329,TrimmedRawStackdistal.tif,5,329,0.207,0.95,1.273,1.8,0.95,1.273,1.252,0.376,0.751,0.007,0.009,0.031,0.013,0.017,0.021,0.363,0.754,0.196,1.948,0.237,0.121,0.077,6.144,1.431,0.007,0.009,0.017,0.012,0.384,0.747,0.363,0.753
330,TrimmedRawStackdistal.tif,5,330,0.172,0.939,1.214,1.8,0.939,1.214,-0.193,0.178,0.364,0.001,0.005,0.001,0.015,0.006,0.018,0.344,0.723,0.217,1.846,0.199,0.114,0.056,6.144,1.431,0.005,0.001,0.015,0.007,0.363,0.176,0.346,0.721
331,TrimmedRawStackdistal.tif,5,331,0.156,0.941,1.213,1.8,0.941,1.213,-0.193,0.154,0.35,8.88E-04,0.004,9.55E-04,0.013,0.006,0.015,0.31,0.69,0.184,1.736,0.234,0.137,0.073,6.144,1.431,0.004,8.98E-04,0.013,0.006,0.35,0.157,0.311,0.689
332,TrimmedRawStackdistal.tif,5,332,0.139,0.943,1.211,1.8,0.943,1.211,-0.195,0.152,0.333,6.86E-04,0.004,8.73E-04,0.011,0.005,0.013,0.295,0.652,0.214,1.631,0.208,0.138,0.051,6.144,1.431,0.004,6.95E-04,0.011,0.005,0.332,0.147,0.296,0.65
333,TrimmedRawStackdistal.tif,5,333,0.121,0.944,1.21,1.8,0.944,1.21,-0.198,0.132,0.316,5.04E-04,0.003,7.81E-04,0.009,0.004,0.01,0.264,0.615,0.202,1.525,0.204,0.14,0.048,6.144,1.431,0.003,5.12E-04,0.009,0.004,0.315,0.137,0.267,0.614
334,TrimmedRawStackdistal.tif,5,334,0.103,0.947,1.208,1.8,0.947,1.208,-0.196,0.126,0.295,3.53E-04,0.002,6.54E-04,0.007,0.003,0.008,0.247,0.572,0.212,1.454,0.202,0.148,0.047,6.144,1.431,0.002,3.59E-04,0.007,0.003,0.295,0.124,0.247,0.571
335,TrimmedRawStackdistal.tif,5,335,0.084,0.948,1.207,1.8,0.948,1.207,-0.2,0.106,0.27,2.26E-04,0.001,5.53E-04,0.005,0.002,0.006,0.212,0.526,0.212,1.28,0.193,0.167,0.028,6.144,1.431,0.001,2.31E-04,0.005,0.002,0.27,0.109,0.215,0.524
336,TrimmedRawStackdistal.tif,5,336,0.065,0.952,1.205,1.8,0.952,1.205,-0.198,0.091,0.24,1.32E-04,8.85E-04,4.21E-04,0.004,0.001,0.004,0.184,0.465,0.209,1.14,0.16,0.13,0.025,6.144,1.431,8.82E-04,1.34E-04,0.004,0.001,0.24,0.094,0.185,0.464
337,TrimmedRawStackdistal.tif,5,337,0.047,0.957,1.203,1.8,0.957,1.203,-0.192,0.076,0.212,6.50E-05,4.89E-04,2.87E-04,0.002,8.57E-04,0.003,0.153,0.409,0.235,0.994,0.149,0.138,0.018,6.144,1.431,4.88E-04,6.62E-05,0.002,8.46E-04,0.211,0.078,0.154,0.408
338,TrimmedRawStackdistal.tif,5,338,0.029,0.967,1.198,1.8,0.967,1.198,-0.174,0.061,0.168,2.40E-05,1.76E-04,1.43E-04,0.001,3.96E-04,0.001,0.121,0.323,0.17,0.784,0.117,0.107,0.018,6.144,1.431,1.76E-04,2.41E-05,0.001,3.93E-04,0.167,0.061,0.122,0.322
339,TrimmedRawStackdistal.tif,5,339,0.012,0.976,1.196,1.8,0.976,1.196,-0.163,0.04,0.106,4.33E-06,3.06E-05,5.27E-05,2.90E-04,1.09E-04,3.31E-04,0.079,0.207,0.17,0.509,0.075,0.069,0.01,6.144,1.431,3.05E-05,4.35E-06,2.90E-04,1.10E-04,0.105,0.039,0.079,0.207
340,TrimmedRawStackdistal.tif,5,340,NaN,NaN,NaN,0,0,0,NaN,NaN,NaN,NaN,NaN,NaN,NaN,NaN,NaN,NaN,NaN,NaN,NaN,NaN,NaN,NaN,6.144,1.431,NaN,NaN,NaN,NaN,NaN,NaN,NaN,NaN
