Label,Bone Code,Slice,CSA (mm²),X cent. (mm),Y cent. (mm),Density,wX cent. (mm),wY cent. (mm),Theta (rad),R1 (mm),R2 (mm),Imin (mm^4),Imax (mm^4),Ipm (mm^4),Zmax (mm³),Zmin (mm³),Zpol (mm³),Feret Min (mm),Feret Max (mm),Feret Angle (rad),Perimeter (mm),Max Thick 2D (mm),Mean Thick 2D (mm),SD Thick 2D (mm),A (rad),M (rad),IAP(mm^4),IML(mm^4),ZAP(mm³),ZML(mm³),RAP(mm),RML(mm),DAP(mm),DML(mm)
MCZ6927mesohippusbarbouri_3digits_bonejtrimmed.tif,5,1,10.136,55.734,39.957,1.8,55.734,39.957,-0.469,1.753,2.82,5.112,20.131,0.345,7.139,2.916,8.903,3.16,5.373,0.234,15.536,2.19,1.89,0.361,5.445,0.733,18.183,7.06,6.602,2.941,2.754,2.401,3.878,4.951
MCZ6927mesohippusbarbouri_3digits_bonejtrimmed.tif,5,2,22.231,55.588,40.213,1.8,55.588,40.213,-0.472,2.68,3.995,37.553,76.19,0.766,19.074,14.014,27.056,5.266,7.119,3.065,23.034,1.324,0.772,0.358,5.445,0.733,71.251,42.492,16.964,12.564,4.2,3.382,5.884,6.308
MCZ6927mesohippusbarbouri_3digits_bonejtrimmed.tif,5,3,33.638,56.025,39.86,1.8,56.025,39.86,-0.642,3.806,5.288,87.214,197.93,2.013,37.433,22.916,53.186,6.456,8.196,2.998,40.902,1.744,0.91,0.458,5.445,0.733,193.762,91.382,36.175,22.812,5.356,4.006,7.183,6.633
MCZ6927mesohippusbarbouri_3digits_bonejtrimmed.tif,5,4,45.825,56.436,39.462,1.8,56.436,39.462,-0.691,4.399,5.844,145.951,368.697,3.101,63.088,33.179,87.204,6.572,9.027,2.924,39.756,1.779,0.935,0.457,5.445,0.733,363.924,150.724,61.759,33.796,5.893,4.46,8.116,6.703
MCZ6927mesohippusbarbouri_3digits_bonejtrimmed.tif,5,5,57.056,56.584,39.341,1.8,56.584,39.341,-0.751,4.753,6.225,219.483,511.234,4.426,82.125,46.178,115.887,7.046,9.612,2.879,32.745,2.34,1.086,0.643,5.445,0.733,509.032,221.685,81.168,46.558,6.271,4.761,8.795,7.102
MCZ6927mesohippusbarbouri_3digits_bonejtrimmed.tif,5,6,64.399,56.607,39.297,1.8,56.607,39.297,-0.747,5.1,6.295,287.042,600.762,4.954,95.441,56.283,137.161,7.188,10.093,2.852,37.459,2.19,1.016,0.557,5.445,0.733,598.18,289.624,93.415,56.868,6.403,5.093,9.398,7.252
MCZ6927mesohippusbarbouri_3digits_bonejtrimmed.tif,5,7,70.288,56.648,39.249,1.8,56.648,39.249,-0.753,5.282,6.291,351.099,692.62,5.484,110.094,66.467,159.497,7.264,10.41,2.806,36.17,2.868,1.213,0.79,5.445,0.733,690.2,353.519,107.583,67.166,6.415,5.263,9.763,7.27
MCZ6927mesohippusbarbouri_3digits_bonejtrimmed.tif,5,8,75.429,56.645,39.217,1.8,56.645,39.217,-0.712,5.578,6.185,403.199,754.903,5.368,122.05,72.285,177.171,7.709,10.691,2.776,43.291,2.271,1.143,0.62,5.445,0.733,749.386,408.716,118.388,73.675,6.33,5.548,10.169,7.757
MCZ6927mesohippusbarbouri_3digits_bonejtrimmed.tif,5,9,79.195,56.577,39.239,1.8,56.577,39.239,-0.707,5.672,6.535,443.853,796.702,5.567,121.909,78.256,181.224,8.332,10.675,2.76,38.897,3.309,1.369,0.877,5.445,0.733,790.687,449.868,126.454,79.756,6.253,5.641,10.285,8.389
MCZ6927mesohippusbarbouri_3digits_bonejtrimmed.tif,5,10,80.692,56.537,39.335,1.8,56.537,39.335,-0.701,5.744,6.725,463.92,841.978,5.588,125.193,80.764,186.056,8.604,10.746,2.981,46.904,2.868,1.285,0.817,5.445,0.733,834.903,470.995,130.478,82.466,6.399,5.711,10.377,8.702
MCZ6927mesohippusbarbouri_3digits_bonejtrimmed.tif,5,11,80.4,56.425,39.497,1.8,56.425,39.497,-0.712,5.711,6.732,453.383,867.219,5.719,128.814,79.389,185.918,10.023,13.844,0.291,85.683,3.216,1.358,0.941,5.445,0.733,860.705,459.896,130.104,81.048,6.616,5.674,10.221,13.161
MCZ6927mesohippusbarbouri_3digits_bonejtrimmed.tif,5,12,78.046,56.375,39.613,1.8,56.375,39.613,-0.694,5.653,6.845,426.206,885.493,5.323,129.366,75.393,182.189,8.986,11.108,2.922,52.325,3.182,1.363,0.961,5.445,0.733,876.086,435.613,127.768,77.243,6.857,5.64,10.001,9.154
MCZ6927mesohippusbarbouri_3digits_bonejtrimmed.tif,5,13,75.88,56.339,39.686,1.8,56.339,39.686,-0.665,5.548,6.978,389.975,931.427,4.812,133.474,70.289,175.814,9.188,11.261,2.925,57.966,3.201,1.438,0.979,5.445,0.733,915.387,406.015,127.822,73.111,7.161,5.553,9.988,9.421
MCZ6927mesohippusbarbouri_3digits_bonejtrimmed.tif,5,14,72.752,56.333,39.667,1.8,56.333,39.667,-0.65,5.48,7.109,347.072,946.107,4.44,133.087,63.337,169.883,9.606,14.123,0.809,101.089,3.001,1.379,0.938,5.445,0.733,925.216,367.962,127.512,67.314,7.256,5.466,10.197,14.117
MCZ6927mesohippusbarbouri_3digits_bonejtrimmed.tif,5,15,68.786,56.253,39.586,1.8,56.253,39.586,-0.612,5.449,7.182,306.221,953.565,3.788,132.768,56.2,163.343,8.779,14.18,0.758,102.759,2.422,1.078,0.758,5.445,0.733,921.234,338.552,124.988,62.023,7.371,5.459,9.542,14.175
MCZ6927mesohippusbarbouri_3digits_bonejtrimmed.tif,5,16,63.785,56.157,39.542,1.8,56.157,39.542,-0.596,5.417,7.084,274.525,920.023,3.347,129.869,50.676,155.549,7.784,10.656,3.046,57.431,2.034,0.893,0.59,5.445,0.733,882.936,311.611,118.63,57.863,7.443,5.385,9.153,9.497
MCZ6927mesohippusbarbouri_3digits_bonejtrimmed.tif,5,17,57.932,55.932,39.557,1.8,55.932,39.557,-0.603,5.082,7.071,237.498,860.919,3.11,121.761,46.732,143.182,7.487,10.299,3.119,66.591,1.986,0.774,0.574,5.445,0.733,827.328,271.09,109.796,53.196,7.535,5.096,8.881,9.201
MCZ6927mesohippusbarbouri_3digits_bonejtrimmed.tif,5,18,51.945,55.75,39.503,1.8,55.75,39.503,-0.623,5.245,7.342,216.554,801.499,2.951,109.161,41.29,132.766,7.328,10.099,0.085,78.611,1.68,0.635,0.444,5.445,0.733,775.041,243.012,101.45,46.132,7.64,5.268,8.638,8.818
MCZ6927mesohippusbarbouri_3digits_bonejtrimmed.tif,5,19,45.332,55.497,39.71,1.8,55.497,39.71,-0.592,5.037,7.596,175.147,681.324,2.355,89.695,34.77,108.077,5.468,9.917,0.134,71.224,1.779,0.628,0.438,5.445,0.733,651.447,205.024,82.41,40.319,7.905,5.085,8.534,7.839
MCZ6927mesohippusbarbouri_3digits_bonejtrimmed.tif,5,20,42.144,55.226,39.801,1.8,55.226,39.801,-0.565,4.491,7.407,153.355,599.338,2.015,80.916,34.146,96.657,5.769,9.675,0.129,60.105,1.68,0.666,0.454,5.445,0.733,567.045,185.648,72.963,41.405,7.772,4.484,8.447,7.758
MCZ6927mesohippusbarbouri_3digits_bonejtrimmed.tif,5,21,39.868,54.792,39.894,1.8,54.792,39.894,-0.556,4.231,8.062,145.923,523.431,1.853,64.927,34.491,80.342,6.779,9.797,0.16,59.629,1.723,0.668,0.493,5.445,0.733,494.325,175.029,59.354,40.511,8.328,4.321,8.522,8.123
MCZ6927mesohippusbarbouri_3digits_bonejtrimmed.tif,5,22,39.394,54.639,39.791,1.8,54.639,39.791,-0.578,3.953,8.326,145.92,496.381,1.963,59.618,36.91,74.753,7.739,9.607,0.188,83.679,1.878,0.728,0.565,5.445,0.733,473.346,168.954,55.092,42.751,8.592,3.952,8.006,9.439
MCZ6927mesohippusbarbouri_3digits_bonejtrimmed.tif,5,23,40.751,54.67,39.508,1.8,54.67,39.508,-0.658,3.708,8.448,145.106,549.475,2.541,65.045,39.135,80.78,7.358,9.653,0.212,63.707,1.779,0.685,0.465,5.445,0.733,536.58,158.001,62.406,41.443,8.598,3.813,7.56,8.714
MCZ6927mesohippusbarbouri_3digits_bonejtrimmed.tif,5,24,39.698,54.564,39.42,1.8,54.564,39.42,-0.664,3.586,8.465,136.509,558.922,2.512,66.028,38.07,81.319,6.992,9.679,0.86,75.948,2.303,0.758,0.602,5.445,0.733,546.285,149.146,63.879,40.269,8.552,3.704,7.253,9.676
MCZ6927mesohippusbarbouri_3digits_bonejtrimmed.tif,5,25,38.798,54.525,39.282,1.8,54.525,39.282,-0.675,3.475,8.421,128.978,558.222,2.527,66.29,37.119,81.132,6.685,9.66,0.745,73.228,2.093,0.748,0.536,5.445,0.733,546.986,140.214,64.675,38.829,8.458,3.611,6.951,9.624
MCZ6927mesohippusbarbouri_3digits_bonejtrimmed.tif,5,26,36.559,54.528,39.186,1.8,54.528,39.186,-0.675,3.402,8.224,115.022,553.636,2.377,67.317,33.809,81.119,6.491,9.781,0.233,79.311,2.028,0.706,0.507,5.445,0.733,542.06,126.598,65.834,35.092,8.234,3.608,6.719,8.697
MCZ6927mesohippusbarbouri_3digits_bonejtrimmed.tif,5,27,34.855,54.397,39.214,1.8,54.397,39.214,-0.661,3.362,8.289,99.379,515.447,2.191,62.185,29.562,74.016,2.063,8.299,0.645,35.309,1.536,0.668,0.425,5.445,0.733,502.613,112.214,60.672,31.496,8.284,3.563,2.782,8.158
MCZ6927mesohippusbarbouri_3digits_bonejtrimmed.tif,5,28,32.391,54.324,39.203,1.8,54.324,39.203,-0.654,3.322,8.288,88.466,472.031,1.998,56.95,26.631,67.507,2.565,6.114,0.521,37.325,1.438,0.686,0.418,5.445,0.733,459.217,101.28,55.51,28.635,8.273,3.537,2.968,5.81
MCZ6927mesohippusbarbouri_3digits_bonejtrimmed.tif,5,29,30.152,54.297,39.149,1.8,54.297,39.149,-0.635,3.272,8.176,77.32,464.235,1.769,56.783,23.632,66.137,0.709,1.362,1.158,3.557,1.258,0.609,0.338,5.445,0.733,448.587,92.968,55.142,26.449,8.135,3.515,0.713,1.293
MCZ6927mesohippusbarbouri_3digits_bonejtrimmed.tif,5,30,27.725,54.361,39.079,1.8,54.361,39.079,-0.628,3.272,7.97,69.439,436.87,1.593,54.816,21.224,63.2,1.852,6.122,0.595,26.822,1.125,0.543,0.279,5.445,0.733,420.881,85.428,52.691,23.946,7.988,3.567,2.278,5.943
MCZ6927mesohippusbarbouri_3digits_bonejtrimmed.tif,5,31,24.64,54.493,39.03,1.8,54.493,39.03,-0.648,3.347,7.796,57.768,376.92,1.495,48.351,17.26,55.72,1.816,5.13,0.491,20.234,1.103,0.581,0.304,5.445,0.733,365.536,69.152,47.185,18.733,7.747,3.691,2.226,4.836
MCZ6927mesohippusbarbouri_3digits_bonejtrimmed.tif,5,32,19.487,54.762,38.897,1.8,54.762,38.897,-0.693,3.467,7.268,46.54,222.31,1.324,30.589,13.423,36.739,0.546,1.014,1.176,2.499,1.438,0.6,0.381,5.445,0.733,218.629,50.221,29.88,13.129,7.317,3.825,0.655,0.957
MCZ6927mesohippusbarbouri_3digits_bonejtrimmed.tif,5,33,13.671,54.649,38.793,1.8,54.649,38.793,-0.583,3.247,6.802,33.962,114.878,0.691,16.888,10.46,21.286,0.165,0.331,2.356,0.662,1.342,0.522,0.341,5.445,0.733,109.742,39.099,15.698,10.733,6.991,3.643,0.33,0.168
MCZ6927mesohippusbarbouri_3digits_bonejtrimmed.tif,5,34,10.306,53.29,39.302,1.8,53.29,39.302,-0.439,2.962,7.819,18.931,133.533,0.311,17.078,6.391,19.453,1.463,2.206,1.429,7.285,0.999,0.517,0.3,5.445,0.733,116.287,36.177,15.682,9.892,7.415,3.657,1.786,1.989
MCZ6927mesohippusbarbouri_3digits_bonejtrimmed.tif,5,35,5.561,50.278,40.105,1.8,50.278,40.105,-0.384,2.045,7.657,4.246,32.589,0.13,4.256,2.077,4.734,2.043,2.97,1.048,11.272,1.092,0.523,0.384,5.445,0.733,27.134,9.701,3.624,2.815,7.487,3.446,2.464,2.905
MCZ6927mesohippusbarbouri_3digits_bonejtrimmed.tif,5,36,5.591,49.255,40.315,1.8,49.255,40.315,-0.961,4.626,6.024,2.97,6.589,0.626,1.094,0.642,1.264,2.231,3.573,0.94,12.687,1.103,0.712,0.344,5.445,0.733,6.534,3.024,1.005,0.784,6.502,3.857,2.365,3.554
MCZ6927mesohippusbarbouri_3digits_bonejtrimmed.tif,5,37,6.82,49.745,40.231,1.8,49.745,40.231,-0.162,2.026,4.146,6.396,13.287,0.03,3.205,3.157,4.728,1.659,3.667,0.906,10.933,1.188,0.673,0.385,5.445,0.733,10.594,9.09,3.333,3.073,3.178,2.958,1.728,3.658
MCZ6927mesohippusbarbouri_3digits_bonejtrimmed.tif,5,38,8.499,49.782,39.925,1.8,49.782,39.925,-0.634,2.831,7.668,5.704,16.544,0.497,2.157,2.015,2.855,2.914,4.775,0.901,18.1,1.188,0.688,0.345,5.445,0.733,16.099,6.149,2.227,1.884,7.228,3.263,2.916,4.766
MCZ6927mesohippusbarbouri_3digits_bonejtrimmed.tif,5,39,11.523,50.299,39.75,1.8,50.299,39.75,-0.448,1.793,5.871,8.611,29.278,0.361,4.987,4.804,6.281,3.097,5.391,0.548,23.924,1.258,0.666,0.35,5.445,0.733,26.303,11.586,4.416,4.876,5.957,2.376,3.444,5.189
MCZ6927mesohippusbarbouri_3digits_bonejtrimmed.tif,5,40,14.559,50.678,39.586,1.8,50.678,39.586,-0.422,2.052,5.152,10.946,47.438,0.406,9.209,5.334,11.302,3.707,7.572,0.436,33.967,1.324,0.795,0.376,5.445,0.733,41.48,16.904,9.105,6.656,4.556,2.54,4.48,7.126
MCZ6927mesohippusbarbouri_3digits_bonejtrimmed.tif,5,41,17.4,51.05,39.402,1.8,51.05,39.402,-0.398,2.118,5.099,13.083,75.245,0.435,14.758,6.177,16.373,3.712,8.532,0.394,30.999,1.286,0.809,0.345,5.445,0.733,63.966,24.362,11.925,8.495,5.364,2.868,5.275,7.752
MCZ6927mesohippusbarbouri_3digits_bonejtrimmed.tif,5,42,20.637,51.442,39.094,1.8,51.442,39.094,-0.419,2.224,5.062,18.392,107.9,0.57,21.316,8.271,24.767,3.846,9.184,0.365,34.933,1.568,0.882,0.385,5.445,0.733,93.114,33.178,21.283,11.202,4.375,2.962,5.512,8.384
MCZ6927mesohippusbarbouri_3digits_bonejtrimmed.tif,5,43,26.386,51.848,38.628,1.8,51.848,38.628,-0.561,2.575,4.643,30.797,169.812,1.244,36.57,11.961,42.981,4.689,9.351,0.486,48.658,1.658,0.949,0.481,5.445,0.733,159.428,41.181,35.248,14.304,4.523,2.879,5.42,9.096
MCZ6927mesohippusbarbouri_3digits_bonejtrimmed.tif,5,44,31.022,52.169,38.327,1.8,52.169,38.327,-0.611,2.757,5.098,41.033,219.866,1.701,43.128,14.883,51.146,5.041,10.006,0.54,34.739,1.68,0.958,0.377,5.445,0.733,210.825,50.073,42.142,16.993,5.003,2.947,5.53,9.7
MCZ6927mesohippusbarbouri_3digits_bonejtrimmed.tif,5,45,32.896,52.283,38.242,1.8,52.283,38.242,-0.622,2.861,5.265,49.254,244.181,1.86,46.375,17.215,55.715,5.121,10.392,0.663,31.072,1.885,1.081,0.464,5.445,0.733,235.235,58.2,45.745,20.632,5.142,2.821,5.484,10.256
MCZ6927mesohippusbarbouri_3digits_bonejtrimmed.tif,5,46,35.908,52.32,38.248,1.8,52.32,38.248,-0.654,2.849,5.271,59.938,264.195,2.215,50.12,21.04,61.224,5.162,10.542,0.553,33.902,1.93,1.228,0.436,5.445,0.733,257.381,66.752,49.863,24.49,5.162,2.726,5.478,10.256
MCZ6927mesohippusbarbouri_3digits_bonejtrimmed.tif,5,47,37.818,52.233,38.36,1.8,52.233,38.36,-0.712,2.727,5.211,69.017,290.199,2.691,55.693,25.311,68.12,5.208,10.568,0.543,45.862,2.122,1.346,0.457,5.445,0.733,286.728,72.489,55.561,26.802,5.161,2.705,5.501,10.291
MCZ6927mesohippusbarbouri_3digits_bonejtrimmed.tif,5,48,38.919,52.236,38.277,1.8,52.236,38.277,-0.726,2.772,5.178,71.486,295.91,2.862,57.147,25.785,70.197,5.295,10.568,0.543,33.681,1.904,1.349,0.466,5.445,0.733,293.14,74.256,56.869,27.689,5.155,2.682,5.449,10.337
MCZ6927mesohippusbarbouri_3digits_bonejtrimmed.tif,5,49,39.935,52.211,38.177,1.8,52.211,38.177,-0.746,2.757,5.217,72.704,310.669,3.068,59.55,26.366,71.571,5.271,10.542,0.749,33.845,2.515,1.604,0.581,5.445,0.733,308.687,74.686,58.311,27.809,5.294,2.686,5.42,10.54
MCZ6927mesohippusbarbouri_3digits_bonejtrimmed.tif,5,50,40.738,52.274,38.068,1.8,52.274,38.068,-0.761,2.726,5.761,72.628,327.032,3.228,56.763,26.646,68.383,5.17,11.075,0.696,34.739,2.684,1.72,0.69,5.445,0.733,325.53,74.129,55.935,27.751,5.82,2.671,5.432,10.981
MCZ6927mesohippusbarbouri_3digits_bonejtrimmed.tif,5,51,42.199,52.335,37.901,1.8,52.335,37.901,-0.782,2.715,5.952,73.721,360.855,3.496,60.63,27.151,72.004,5.149,11.528,0.771,37.641,2.98,1.826,0.803,5.445,0.733,359.976,74.599,60.018,27.657,5.998,2.697,5.397,11.52
MCZ6927mesohippusbarbouri_3digits_bonejtrimmed.tif,5,52,44.657,52.384,37.76,1.8,52.384,37.76,-0.781,2.78,6.149,76.345,394.475,3.686,64.152,27.462,76.414,5.256,11.88,0.725,35.462,2.864,1.854,0.769,5.445,0.733,393.439,77.381,63.857,28.208,6.161,2.743,5.438,11.822
MCZ6927mesohippusbarbouri_3digits_bonejtrimmed.tif,5,53,45.989,52.401,37.638,1.8,52.401,37.638,-0.769,2.711,6.22,76.975,419.482,3.705,67.445,28.392,79.811,5.202,12.096,0.676,34.009,3.306,2.172,0.886,5.445,0.733,417.854,78.603,67.292,28.843,6.21,2.725,5.449,11.967
MCZ6927mesohippusbarbouri_3digits_bonejtrimmed.tif,5,54,46.652,52.379,37.537,1.8,52.379,37.537,-0.757,2.816,6.164,78.215,428.863,3.664,69.574,27.776,82.263,5.314,12.085,0.685,36.398,3.757,2.426,1.02,5.445,0.733,426.561,80.517,69.3,28.663,6.155,2.809,5.542,11.973
MCZ6927mesohippusbarbouri_3digits_bonejtrimmed.tif,5,55,46.987,52.37,37.465,1.8,52.37,37.465,-0.746,2.882,6.069,81.481,418.25,3.609,68.917,28.27,82.34,5.419,12.048,0.671,36.223,3.139,2.221,0.775,5.445,0.733,415.436,84.295,68.534,29.978,6.062,2.812,5.582,11.926
MCZ6927mesohippusbarbouri_3digits_bonejtrimmed.tif,5,56,47.37,52.298,37.499,1.8,52.298,37.499,-0.76,2.835,6.086,86.533,411.273,3.745,67.572,30.522,81.76,5.478,12.024,0.689,41.066,3.655,2.411,1.056,5.445,0.733,409.299,88.507,67.224,31.457,6.089,2.814,5.623,11.926
MCZ6927mesohippusbarbouri_3digits_bonejtrimmed.tif,5,57,49.14,52.276,37.455,1.8,52.276,37.455,-0.76,2.828,6.066,91.804,429.85,3.889,70.858,32.463,85.986,5.46,12.005,0.707,33.762,4.095,3.088,1.19,5.445,0.733,427.824,93.83,70.611,33.49,6.059,2.802,5.594,11.909
MCZ6927mesohippusbarbouri_3digits_bonejtrimmed.tif,5,58,49.937,52.225,37.419,1.8,52.225,37.419,-0.762,2.879,6.025,94.513,438.486,3.963,72.775,32.828,88.362,5.515,11.964,0.693,33.313,4.933,3.555,1.454,5.445,0.733,436.493,96.507,72.364,34.401,6.032,2.805,5.588,11.874
MCZ6927mesohippusbarbouri_3digits_bonejtrimmed.tif,5,59,49.816,52.178,37.383,1.8,52.178,37.383,-0.767,2.882,6.031,94.543,434.826,3.996,72.098,32.806,87.763,5.515,11.964,0.693,34.055,3.757,3.048,0.851,5.445,0.733,433.112,96.258,71.823,34.301,6.03,2.806,5.577,11.874
MCZ6927mesohippusbarbouri_3digits_bonejtrimmed.tif,5,60,49.925,52.139,37.345,1.8,52.139,37.345,-0.771,2.872,5.976,95.338,433.518,4.038,72.539,33.196,88.319,5.515,11.915,0.688,34.443,3.977,3.107,1.011,5.445,0.733,432.001,96.855,72.151,34.06,5.987,2.844,5.612,11.833
MCZ6927mesohippusbarbouri_3digits_bonejtrimmed.tif,5,61,49.937,52.095,37.31,1.8,52.095,37.31,-0.777,2.865,5.98,94.941,432.404,4.094,72.313,33.138,88.094,5.485,11.88,0.725,35.177,5.279,3.855,1.568,5.445,0.733,431.174,96.171,72.035,34.27,5.986,2.806,5.542,11.822
MCZ6927mesohippusbarbouri_3digits_bonejtrimmed.tif,5,62,49.858,52.058,37.265,1.8,52.058,37.265,-0.786,2.858,5.976,94.093,433.394,4.16,72.524,32.921,88.171,5.501,11.938,0.721,34.534,4.985,3.778,1.444,5.445,0.733,432.485,95.001,72.292,33.853,5.982,2.806,5.53,11.88
MCZ6927mesohippusbarbouri_3digits_bonejtrimmed.tif,5,63,49.658,52.016,37.236,1.8,52.016,37.236,-0.792,2.794,5.988,93.213,432.334,4.195,72.205,33.366,87.563,5.464,11.938,0.721,37.988,4.62,3.607,1.263,5.445,0.733,431.634,93.913,71.936,33.624,6,2.793,5.519,11.891
MCZ6927mesohippusbarbouri_3digits_bonejtrimmed.tif,5,64,47.528,52.006,37.298,1.8,52.006,37.298,-0.79,2.757,5.982,85.134,424.185,3.997,70.91,30.875,85.1,5.46,11.887,0.716,35.809,4.2,3.257,1.148,5.445,0.733,423.411,85.908,70.755,31.669,5.984,2.713,5.513,11.822
MCZ6927mesohippusbarbouri_3digits_bonejtrimmed.tif,5,65,47.169,51.905,37.325,1.8,51.905,37.325,-0.78,2.766,5.962,87.483,403.485,3.889,67.674,31.628,82.218,5.478,11.795,0.696,37.947,3.971,2.765,1.175,5.445,0.733,402.433,88.534,67.699,32.03,5.944,2.764,5.485,11.694
MCZ6927mesohippusbarbouri_3digits_bonejtrimmed.tif,5,66,47.09,51.828,37.334,1.8,51.828,37.334,-0.798,2.745,6.023,87.653,389.655,4.021,64.696,31.937,79.247,5.482,11.785,0.706,45.319,3.95,2.801,1.207,5.445,0.733,389.172,88.136,64.65,31.831,6.02,2.769,5.496,11.717
MCZ6927mesohippusbarbouri_3digits_bonejtrimmed.tif,5,67,48.325,51.809,37.243,1.8,51.809,37.243,-0.823,2.817,6.074,89.575,407.537,4.331,67.091,31.799,81.737,5.515,11.648,0.828,31.335,4.083,3.136,1.102,5.445,0.733,407.469,89.643,67.136,31.651,6.069,2.832,5.531,11.648
MCZ6927mesohippusbarbouri_3digits_bonejtrimmed.tif,5,68,49.08,51.804,37.171,1.8,51.804,37.171,-0.828,2.826,6.041,90.315,423.687,4.438,70.131,31.956,85.076,5.515,11.932,0.73,35.588,4.393,2.962,1.254,5.445,0.733,423.656,90.347,70.122,31.84,6.042,2.837,5.548,11.897
MCZ6927mesohippusbarbouri_3digits_bonejtrimmed.tif,5,69,49.323,51.77,37.129,1.8,51.77,37.129,-0.827,2.869,6.029,90.625,424.197,4.449,70.363,31.585,85.384,5.571,11.811,0.823,33.777,4.633,3.292,1.212,5.445,0.733,424.156,90.667,70.373,31.486,6.027,2.88,5.583,11.81
MCZ6927mesohippusbarbouri_3digits_bonejtrimmed.tif,5,70,49.451,51.77,37.078,1.8,51.77,37.078,-0.825,2.853,5.947,90.399,431.222,4.446,72.51,31.68,87.681,5.571,11.869,0.744,33.024,3.642,2.911,0.773,5.445,0.733,431.166,90.455,72.482,31.549,5.949,2.867,5.589,11.856
MCZ6927mesohippusbarbouri_3digits_bonejtrimmed.tif,5,71,49.359,51.738,37.072,1.8,51.738,37.072,-0.831,2.835,5.918,90.049,432.527,4.488,73.087,31.762,88.218,5.571,11.822,0.729,33.051,3.425,2.605,0.724,5.445,0.733,432.511,90.065,73.064,31.682,5.92,2.843,5.589,11.81
MCZ6927mesohippusbarbouri_3digits_bonejtrimmed.tif,5,72,49.213,51.692,37.066,1.8,51.692,37.066,-0.839,2.87,5.935,89.779,428.441,4.539,72.191,31.277,87.316,5.618,11.859,0.771,32.05,3.537,2.512,0.819,5.445,0.733,428.441,89.779,72.191,31.289,5.935,2.869,5.624,11.839
MCZ6927mesohippusbarbouri_3digits_bonejtrimmed.tif,5,73,49.171,51.673,37.033,1.8,51.673,37.033,-0.84,2.907,5.882,89.798,425.151,4.544,72.277,30.886,87.497,5.666,11.758,0.828,31.48,3.642,2.343,0.848,5.445,0.733,425.149,89.8,72.282,30.909,5.882,2.905,5.67,11.758
MCZ6927mesohippusbarbouri_3digits_bonejtrimmed.tif,5,74,48.258,51.645,36.995,1.8,51.645,36.995,-0.843,2.944,5.854,87.948,414.372,4.484,70.782,29.869,85.753,5.681,11.697,0.814,30.468,3.628,2.391,0.935,5.445,0.733,414.363,87.957,70.769,29.909,5.855,2.941,5.699,11.694
MCZ6927mesohippusbarbouri_3digits_bonejtrimmed.tif,5,75,48.082,51.605,36.987,1.8,51.605,36.987,-0.852,2.948,5.828,87.856,412.025,4.538,70.695,29.801,85.751,5.681,11.648,0.828,35.623,3.757,2.413,1.01,5.445,0.733,411.96,87.92,70.67,29.961,5.829,2.935,5.711,11.648
MCZ6927mesohippusbarbouri_3digits_bonejtrimmed.tif,5,76,48.118,51.588,36.98,1.8,51.588,36.98,-0.857,2.963,5.79,88.66,407.584,4.584,70.391,29.918,85.702,5.736,11.596,0.833,42.227,4.011,2.689,1.094,5.445,0.733,407.464,88.781,70.382,30.127,5.789,2.947,5.751,11.595
MCZ6927mesohippusbarbouri_3digits_bonejtrimmed.tif,5,77,47.905,51.566,36.958,1.8,51.566,36.958,-0.865,2.992,5.779,88.494,401.647,4.628,69.501,29.578,84.767,5.779,11.591,0.823,36.311,3.77,2.361,0.964,5.445,0.733,401.407,88.734,69.422,29.858,5.782,2.972,5.786,11.59
MCZ6927mesohippusbarbouri_3digits_bonejtrimmed.tif,5,78,47.443,51.551,36.931,1.8,51.551,36.931,-0.875,3.017,5.759,88.319,391.271,4.659,67.937,29.273,83.185,5.815,11.601,0.842,38.312,3.488,2.261,0.841,5.445,0.733,390.85,88.74,67.796,29.629,5.765,2.995,5.815,11.601
MCZ6927mesohippusbarbouri_3digits_bonejtrimmed.tif,5,79,47.832,51.528,36.933,1.8,51.528,36.933,-0.884,2.989,5.791,89.535,397.494,4.77,68.642,29.954,83.935,5.802,11.648,0.828,44.806,3.655,2.354,0.969,5.445,0.733,396.823,90.205,68.402,30.489,5.801,2.959,5.809,11.648
MCZ6927mesohippusbarbouri_3digits_bonejtrimmed.tif,5,80,47.875,51.515,36.923,1.8,51.515,36.923,-0.89,3.009,5.776,90.094,397.323,4.822,68.787,29.937,83.976,5.856,11.596,0.833,37.844,3.708,2.361,1.035,5.445,0.733,396.471,90.946,68.43,30.565,5.794,2.976,5.861,11.595
MCZ6927mesohippusbarbouri_3digits_bonejtrimmed.tif,5,81,47.121,51.543,36.93,1.8,51.543,36.93,-0.916,2.996,5.773,86.909,391.344,4.941,67.786,29.009,82.166,5.903,11.591,0.823,44.464,3.859,2.451,1.082,5.445,0.733,389.483,88.77,67.067,29.678,5.807,2.991,5.949,11.59
MCZ6927mesohippusbarbouri_3digits_bonejtrimmed.tif,5,82,47.023,51.503,36.925,1.8,51.503,36.925,-0.925,3.019,5.747,88.457,390.453,4.998,67.938,29.297,82.652,5.948,11.543,0.838,42.189,3.837,2.466,1.129,5.445,0.733,388.166,90.743,67.105,29.839,5.784,3.041,6.019,11.543
MCZ6927mesohippusbarbouri_3digits_bonejtrimmed.tif,5,83,46.232,51.466,36.937,1.8,51.466,36.937,-0.942,3.065,5.732,86.496,380.828,5.037,66.439,28.221,80.489,6.028,11.534,0.819,46.552,3.065,2.061,0.788,5.445,0.733,377.666,89.659,65.149,29.295,5.797,3.061,6.03,11.532
MCZ6927mesohippusbarbouri_3digits_bonejtrimmed.tif,5,84,45.052,51.357,37.02,1.8,51.357,37.02,-0.949,3.109,5.724,85.674,357.275,4.959,62.419,27.556,77.3,6.063,11.498,0.853,53.875,3.698,2.223,1.099,5.445,0.733,353.942,89.007,61.893,29.388,5.719,3.029,6.071,11.497
MCZ6927mesohippusbarbouri_3digits_bonejtrimmed.tif,5,85,44.663,51.317,37.039,1.8,51.317,37.039,-0.945,3.093,5.718,87.997,356.184,4.892,62.296,28.447,77.357,6.081,11.481,0.824,53.24,2.764,1.793,0.683,5.445,0.733,353.092,91.088,61.494,28.809,5.742,3.162,6.222,11.479
MCZ6927mesohippusbarbouri_3digits_bonejtrimmed.tif,5,86,42.971,51.272,37.082,1.8,51.272,37.082,-0.958,3.084,5.775,85.758,360.872,4.796,62.483,27.805,77.231,6.037,9.244,0.551,41.234,2.515,1.573,0.558,5.445,0.733,356.886,89.745,61.861,28.19,5.769,3.184,6.285,8.894
MCZ6927mesohippusbarbouri_3digits_bonejtrimmed.tif,5,87,41.56,51.332,37.074,1.8,51.332,37.074,-0.959,3.021,5.715,80.39,371.84,4.64,65.06,26.61,78.968,5.732,8.796,0.499,44.734,2.652,1.618,0.639,5.445,0.733,367.598,84.632,64.296,26.523,5.717,3.191,5.833,8.32
MCZ6927mesohippusbarbouri_3digits_bonejtrimmed.tif,5,88,39.692,51.342,36.893,1.8,51.342,36.893,-0.962,3.117,5.696,81.152,375.725,4.452,65.958,26.033,79.401,6.088,11.396,0.863,73.559,2.684,1.513,0.745,5.445,0.733,371.196,85.681,64.529,26.069,5.752,3.287,6.425,11.392
MCZ6927mesohippusbarbouri_3digits_bonejtrimmed.tif,5,89,39.546,51.268,36.678,1.8,51.268,36.678,-0.957,3.02,5.879,75.545,369.164,4.405,62.798,25.019,75.183,4.143,6.209,2.04,24.541,3.602,2.145,1.151,5.445,0.733,365.008,79.702,61.711,22.9,5.915,3.48,5.827,4.609
MCZ6927mesohippusbarbouri_3digits_bonejtrimmed.tif,5,90,45.618,51.349,36.759,1.8,51.349,36.759,-0.947,3.203,5.866,98.011,361.938,5.011,61.701,30.596,77.839,2.165,4.069,1.783,11.527,3.977,2.647,1.17,5.445,0.733,358.787,101.163,60.723,29.5,5.909,3.429,3.305,3.745
MCZ6927mesohippusbarbouri_3digits_bonejtrimmed.tif,5,91,44.45,51.36,36.596,1.8,51.36,36.596,-0.9,3.338,6.041,92.292,324.834,4.543,53.775,27.647,69.003,6.343,9.045,1.007,28.725,4.462,3.246,1.336,5.445,0.733,323.946,93.179,53.604,28.164,6.043,3.308,6.366,8.917
MCZ6927mesohippusbarbouri_3digits_bonejtrimmed.tif,5,92,41.292,51.649,36.393,1.8,51.649,36.393,-1.006,3.2,6.212,92.083,248.27,4.91,39.968,28.776,53.385,6.388,9.781,1.161,34.157,4.05,3.156,1.201,5.445,0.733,243.896,96.457,38.322,29.92,6.364,3.224,6.395,9.456
MCZ6927mesohippusbarbouri_3digits_bonejtrimmed.tif,5,93,46.214,51.339,36.661,1.8,51.339,36.661,-0.976,3.339,5.657,107.709,314.366,5.282,55.567,32.258,74.394,6.442,11.049,0.9,40.766,3.947,2.891,1.038,5.445,0.733,310.458,111.618,54.828,32.295,5.662,3.456,6.604,11.027
MCZ6927mesohippusbarbouri_3digits_bonejtrimmed.tif,5,94,50.163,51.112,36.897,1.8,51.112,36.897,-0.952,3.409,5.565,111.738,374.412,5.546,67.276,32.779,87.112,6.512,11.126,0.87,32.911,4.224,3.389,0.923,5.445,0.733,371.011,115.138,66.534,33.658,5.576,3.421,6.599,11.12
MCZ6927mesohippusbarbouri_3digits_bonejtrimmed.tif,5,95,50.54,51.096,36.902,1.8,51.096,36.902,-0.954,3.438,5.551,114.106,375.277,5.602,67.6,33.192,87.714,6.55,11.109,0.85,31.256,4.467,3.929,0.798,5.445,0.733,371.791,117.593,66.638,34.943,5.579,3.365,6.558,11.108
MCZ6927mesohippusbarbouri_3digits_bonejtrimmed.tif,5,96,50.771,51.086,36.898,1.8,51.086,36.898,-0.954,3.411,5.554,115.939,374.868,5.635,67.497,33.985,88.263,6.552,11.086,0.885,30.853,4.303,3.832,0.785,5.445,0.733,371.358,119.449,66.932,35.27,5.548,3.387,6.599,11.073
MCZ6927mesohippusbarbouri_3digits_bonejtrimmed.tif,5,97,50.874,51.09,36.861,1.8,51.09,36.861,-0.94,3.442,5.496,117.321,373.257,5.53,67.916,34.082,89.067,6.595,11.066,0.865,33.067,4.68,3.685,1.048,5.445,0.733,370.591,119.986,67.302,35.259,5.506,3.403,6.616,11.062
MCZ6927mesohippusbarbouri_3digits_bonejtrimmed.tif,5,98,51.148,51.076,36.867,1.8,51.076,36.867,-0.94,3.467,5.492,119.798,373.746,5.561,68.05,34.549,89.823,6.603,11.037,0.891,32.028,3.747,2.992,0.78,5.445,0.733,371.09,122.454,67.718,36.108,5.48,3.391,6.609,11.021
MCZ6927mesohippusbarbouri_3digits_bonejtrimmed.tif,5,99,51.233,51.063,36.862,1.8,51.063,36.862,-0.942,3.527,5.478,121.973,374,5.584,68.27,34.584,90.407,6.674,11.016,0.871,32.873,3.557,2.692,0.673,5.445,0.733,371.28,124.693,67.765,36.083,5.479,3.456,6.708,11.01
MCZ6927mesohippusbarbouri_3digits_bonejtrimmed.tif,5,100,51.568,51.055,36.852,1.8,51.055,36.852,-0.942,3.54,5.475,124.857,374.974,5.623,68.492,35.271,91.155,6.734,11.016,0.871,31.796,4.346,2.919,1.135,5.445,0.733,372.257,127.574,67.969,36.776,5.477,3.469,6.737,11.01
MCZ6927mesohippusbarbouri_3digits_bonejtrimmed.tif,5,101,51.732,51.032,36.848,1.8,51.032,36.848,-0.941,3.561,5.456,125.914,375.335,5.632,68.79,35.362,91.832,6.729,10.976,0.886,35.17,4.145,3.002,1.014,5.445,0.733,372.679,128.57,68.474,36.849,5.443,3.489,6.754,10.963
MCZ6927mesohippusbarbouri_3digits_bonejtrimmed.tif,5,102,52.231,51.018,36.864,1.8,51.018,36.864,-0.947,3.548,5.441,128.189,378.016,5.736,69.474,36.131,92.78,6.774,10.956,0.866,31.595,5.117,4.033,1.219,5.445,0.733,375.042,131.162,68.784,37.659,5.452,3.483,6.778,10.952
MCZ6927mesohippusbarbouri_3digits_bonejtrimmed.tif,5,103,52.262,51.002,36.863,1.8,51.002,36.863,-0.949,3.544,5.439,128.846,377.157,5.755,69.344,36.357,92.73,6.769,10.992,0.841,31.823,3.977,3.267,0.855,5.445,0.733,374.1,131.904,68.564,37.802,5.456,3.489,6.801,10.992
MCZ6927mesohippusbarbouri_3digits_bonejtrimmed.tif,5,104,52.073,50.982,36.855,1.8,50.982,36.855,-0.945,3.564,5.428,128.488,373.669,5.702,68.839,36.055,92.409,6.795,10.948,0.856,34.828,3.757,3.174,0.796,5.445,0.733,370.854,131.302,68.372,37.414,5.424,3.509,6.812,10.946
MCZ6927mesohippusbarbouri_3digits_bonejtrimmed.tif,5,105,52.043,50.962,36.854,1.8,50.962,36.854,-0.945,3.597,5.421,128.218,371.25,5.695,68.483,35.643,91.913,6.837,10.948,0.856,32.588,5.874,4.825,1.48,5.445,0.733,368.485,130.983,67.857,37.102,5.43,3.53,6.841,10.946
MCZ6927mesohippusbarbouri_3digits_bonejtrimmed.tif,5,106,52.146,50.949,36.862,1.8,50.949,36.862,-0.95,3.56,5.415,129.041,370.993,5.748,68.511,36.249,91.921,6.792,10.897,0.861,30.815,5.78,4.848,1.314,5.445,0.733,367.972,132.062,67.653,37.923,5.439,3.482,6.801,10.894
MCZ6927mesohippusbarbouri_3digits_bonejtrimmed.tif,5,107,52.335,50.936,36.872,1.8,50.936,36.872,-0.953,3.593,5.429,130.976,371.043,5.793,68.348,36.449,92.022,6.839,10.897,0.861,30.933,6.275,5.447,1.402,5.445,0.733,367.893,134.126,67.445,37.971,5.455,3.532,6.859,10.894
MCZ6927mesohippusbarbouri_3digits_bonejtrimmed.tif,5,108,52.164,50.918,36.872,1.8,50.918,36.872,-0.954,3.608,5.394,130.637,368.883,5.785,68.393,36.205,92.223,6.839,10.856,0.877,35.95,4.62,3.938,0.957,5.445,0.733,365.685,133.835,67.534,37.749,5.415,3.545,6.87,10.847
MCZ6927mesohippusbarbouri_3digits_bonejtrimmed.tif,5,109,52.401,50.91,36.885,1.8,50.91,36.885,-0.956,3.589,5.389,132.921,368.918,5.832,68.458,37.031,92.516,6.853,10.882,0.841,35.281,5.824,4.672,1.521,5.445,0.733,365.611,136.228,67.402,38.516,5.424,3.537,6.876,10.882
MCZ6927mesohippusbarbouri_3digits_bonejtrimmed.tif,5,110,52.596,50.907,36.89,1.8,50.907,36.89,-0.956,3.608,5.387,134.459,368.902,5.853,68.477,37.263,93.253,6.894,10.846,0.867,36.814,5.993,4.796,1.638,5.445,0.733,365.617,137.744,67.841,38.887,5.389,3.542,6.911,10.842
MCZ6927mesohippusbarbouri_3digits_bonejtrimmed.tif,5,111,52.973,50.895,36.918,1.8,50.895,36.918,-0.963,3.604,5.396,137.153,370.036,5.947,68.573,38.057,93.63,6.906,10.846,0.867,32.028,5.93,4.972,1.386,5.445,0.733,366.426,140.762,67.692,39.854,5.413,3.532,6.922,10.842
MCZ6927mesohippusbarbouri_3digits_bonejtrimmed.tif,5,112,53.138,50.886,36.932,1.8,50.886,36.932,-0.963,3.603,5.367,138.697,370.178,5.969,68.971,38.492,94.537,6.894,10.796,0.872,32.477,5.905,5.002,1.384,5.445,0.733,366.56,142.315,68.18,40.326,5.376,3.529,6.928,10.789
MCZ6927mesohippusbarbouri_3digits_bonejtrimmed.tif,5,113,53.302,50.878,36.95,1.8,50.878,36.95,-0.967,3.601,5.361,139.924,371.565,6.02,69.304,38.855,94.989,6.894,10.787,0.862,30.75,4.192,3.772,0.815,5.445,0.733,367.718,143.772,68.292,40.809,5.384,3.523,6.934,10.784
MCZ6927mesohippusbarbouri_3digits_bonejtrimmed.tif,5,114,53.375,50.867,36.95,1.8,50.867,36.95,-0.966,3.61,5.348,140.722,371.308,6.021,69.433,38.985,95.065,6.894,10.779,0.852,30.465,5.299,4.448,1.114,5.445,0.733,367.53,144.5,68.242,40.923,5.386,3.531,6.94,10.778
MCZ6927mesohippusbarbouri_3digits_bonejtrimmed.tif,5,115,53.29,50.852,36.956,1.8,50.852,36.956,-0.966,3.619,5.341,140.398,370.664,6.007,69.395,38.798,94.701,6.949,10.772,0.842,33.276,5.874,5.052,1.268,5.445,0.733,366.924,144.138,68.095,40.733,5.388,3.539,6.963,10.772
MCZ6927mesohippusbarbouri_3digits_bonejtrimmed.tif,5,116,52.182,50.777,36.957,1.8,50.777,36.957,-0.979,3.557,5.356,131.529,368.653,5.991,68.825,36.976,92.538,6.856,10.787,0.862,37.19,4.434,3.672,1.083,5.445,0.733,363.953,136.229,67.336,38.719,5.405,3.518,6.894,10.784
MCZ6927mesohippusbarbouri_3digits_bonejtrimmed.tif,5,117,53.338,50.816,37.003,1.8,50.816,37.003,-0.973,3.69,5.353,143.417,369.046,6.073,68.939,38.871,95.376,7.005,10.757,0.888,34.49,4.2,3.33,0.852,5.445,0.733,364.951,147.512,68.005,41.067,5.367,3.592,7.044,10.743
MCZ6927mesohippusbarbouri_3digits_bonejtrimmed.tif,5,118,53.284,50.806,37.025,1.8,50.806,37.025,-0.968,3.683,5.379,144.507,367.723,6.03,68.362,39.234,94.921,7.005,10.769,0.898,33.01,3.446,2.652,0.741,5.445,0.733,363.937,148.294,67.526,41.368,5.39,3.585,7.05,10.749
MCZ6927mesohippusbarbouri_3digits_bonejtrimmed.tif,5,119,52.949,50.797,37.047,1.8,50.797,37.047,-0.971,3.68,5.401,144.015,365.444,6.016,67.664,39.138,94.013,7.005,10.782,0.908,32.082,3.564,2.71,0.918,5.445,0.733,361.521,147.939,66.802,41.362,5.412,3.577,7.056,10.755
MCZ6927mesohippusbarbouri_3digits_bonejtrimmed.tif,5,120,53.57,50.785,37.054,1.8,50.785,37.054,-0.968,3.684,5.35,147.105,364.27,6.056,68.083,39.935,95.204,7.005,10.746,0.878,31.705,4.675,3.746,1.188,5.445,0.733,360.629,150.746,67.198,42.096,5.367,3.581,7.056,10.737
MCZ6927mesohippusbarbouri_3digits_bonejtrimmed.tif,5,121,54.135,50.794,37.059,1.8,50.794,37.059,-0.971,3.698,5.348,149.176,374.17,6.144,69.961,40.339,96.913,7.06,10.779,0.852,30.503,3.9,3.233,0.774,5.445,0.733,370.225,153.122,68.641,42.337,5.394,3.617,7.108,10.778
MCZ6927mesohippusbarbouri_3digits_bonejtrimmed.tif,5,122,54.142,50.787,37.065,1.8,50.787,37.065,-0.969,3.68,5.337,149.73,372.877,6.132,69.862,40.685,97.338,7.112,10.757,0.888,30.043,4.2,3.334,0.797,5.445,0.733,369.052,153.554,68.756,42.505,5.368,3.613,7.114,10.743
MCZ6927mesohippusbarbouri_3digits_bonejtrimmed.tif,5,123,54.367,50.777,37.078,1.8,50.777,37.078,-0.969,3.701,5.313,151.13,373.36,6.157,70.267,40.835,97.612,7.115,10.779,0.852,30.895,4.524,3.79,0.883,5.445,0.733,369.557,154.932,68.789,42.835,5.372,3.617,7.143,10.778
MCZ6927mesohippusbarbouri_3digits_bonejtrimmed.tif,5,124,54.434,50.763,37.102,1.8,50.763,37.102,-0.968,3.719,5.318,152.181,370.583,6.155,69.683,40.924,97.641,7.115,10.746,0.878,31.522,6.092,5.44,1.258,5.445,0.733,366.909,155.856,68.537,43.088,5.353,3.617,7.154,10.737
MCZ6927mesohippusbarbouri_3digits_bonejtrimmed.tif,5,125,54.415,50.751,37.109,1.8,50.751,37.109,-0.965,3.703,5.288,152.432,369.038,6.132,69.791,41.165,98.095,7.115,10.708,0.894,29.932,5.297,4.683,0.875,5.445,0.733,365.53,155.94,68.782,43.134,5.314,3.615,7.154,10.691
MCZ6927mesohippusbarbouri_3digits_bonejtrimmed.tif,5,126,54.348,50.733,37.127,1.8,50.733,37.127,-0.966,3.708,5.278,151.872,369.862,6.13,70.077,40.96,98.599,7.115,10.672,0.91,31.127,5.186,3.818,1.308,5.445,0.733,366.298,155.436,69.268,42.98,5.288,3.616,7.154,10.644
MCZ6927mesohippusbarbouri_3digits_bonejtrimmed.tif,5,127,54.409,50.718,37.153,1.8,50.718,37.153,-0.965,3.685,5.279,152.24,370.525,6.127,70.186,41.314,98.411,7.115,10.696,0.884,29.986,4.846,4.116,0.959,5.445,0.733,367.021,155.744,69.101,43.21,5.311,3.604,7.154,10.685
MCZ6927mesohippusbarbouri_3digits_bonejtrimmed.tif,5,128,54.02,50.709,37.14,1.8,50.709,37.14,-0.952,3.694,5.3,150.585,365.492,5.973,68.961,40.76,97.365,7.115,10.659,0.899,35.132,4.933,4.165,0.891,5.445,0.733,362.706,153.37,68.783,42.369,5.273,3.62,7.154,10.639
MCZ6927mesohippusbarbouri_3digits_bonejtrimmed.tif,5,129,54.659,50.707,37.194,1.8,50.707,37.194,-0.967,3.692,5.273,154.677,370.945,6.176,70.35,41.891,99.441,7.115,10.647,0.889,29.518,4.745,4.244,0.777,5.445,0.733,367.339,158.283,69.504,44.071,5.285,3.592,7.16,10.633
MCZ6927mesohippusbarbouri_3digits_bonejtrimmed.tif,5,130,54.786,50.7,37.225,1.8,50.7,37.225,-0.975,3.685,5.266,155.458,372.186,6.254,70.681,42.192,100.049,7.115,10.647,0.889,29.666,4.524,3.778,0.773,5.445,0.733,368.146,159.499,69.906,44.603,5.266,3.576,7.16,10.633
MCZ6927mesohippusbarbouri_3digits_bonejtrimmed.tif,5,131,54.756,50.691,37.241,1.8,50.691,37.241,-0.975,3.727,5.269,155.777,370.777,6.255,70.365,41.793,99.533,7.17,10.677,0.863,29.453,4.163,3.643,0.705,5.445,0.733,366.733,159.82,69.404,44.098,5.284,3.624,7.212,10.673
MCZ6927mesohippusbarbouri_3digits_bonejtrimmed.tif,5,132,54.33,50.674,37.259,1.8,50.674,37.259,-0.979,3.754,5.264,156.012,370.081,6.233,70.3,41.561,99.356,7.17,10.656,0.832,29.408,4.059,3.172,0.778,5.445,0.733,365.87,160.223,69.218,44.134,5.286,3.63,7.224,10.656
MCZ6927mesohippusbarbouri_3digits_bonejtrimmed.tif,5,133,53.856,50.654,37.281,1.8,50.654,37.281,-0.983,3.74,5.278,156.87,373.35,6.215,70.744,41.949,100.233,7.17,10.672,0.91,29.913,4.212,3.12,0.894,5.445,0.733,368.824,161.397,69.765,44.523,5.287,3.625,7.218,10.644
MCZ6927mesohippusbarbouri_3digits_bonejtrimmed.tif,5,134,54.72,50.642,37.324,1.8,50.642,37.324,-0.985,3.727,5.278,159.37,377.375,6.335,71.506,42.763,100.982,7.17,10.696,0.884,29.564,4.315,3.218,0.916,5.445,0.733,372.663,164.081,70.112,45.516,5.315,3.605,7.212,10.685
MCZ6927mesohippusbarbouri_3digits_bonejtrimmed.tif,5,135,54.951,50.638,37.347,1.8,50.638,37.347,-0.985,3.74,5.3,159.922,377.949,6.362,71.312,42.763,101.289,7.225,10.708,0.894,29.776,3.309,2.854,0.53,5.445,0.733,373.241,164.63,70.53,45.237,5.292,3.639,7.259,10.691
MCZ6927mesohippusbarbouri_3digits_bonejtrimmed.tif,5,136,54.732,50.634,37.361,1.8,50.634,37.361,-0.988,3.757,5.308,159.764,380.142,6.358,71.62,42.525,101.631,7.225,10.708,0.894,30.309,3.744,2.942,0.695,5.445,0.733,375.218,164.688,70.848,45.272,5.296,3.638,7.264,10.691
MCZ6927mesohippusbarbouri_3digits_bonejtrimmed.tif,5,137,54.653,50.625,37.381,1.8,50.625,37.381,-0.987,3.754,5.329,159.517,380.868,6.345,71.466,42.493,101.395,7.225,10.708,0.894,30.998,3.602,2.924,0.659,5.445,0.733,375.947,164.439,70.863,45.277,5.305,3.632,7.264,10.691
MCZ6927mesohippusbarbouri_3digits_bonejtrimmed.tif,5,138,55.158,50.62,37.415,1.8,50.62,37.415,-0.989,3.74,5.341,160.838,381.736,6.418,71.468,43.005,101.552,7.224,10.728,0.857,29.83,3.446,2.905,0.633,5.445,0.733,376.714,165.859,70.862,45.913,5.316,3.612,7.264,10.726
MCZ6927mesohippusbarbouri_3digits_bonejtrimmed.tif,5,139,55.103,50.611,37.433,1.8,50.611,37.433,-0.989,3.715,5.32,159.914,382.753,6.407,71.939,43.04,101.967,7.223,10.72,0.904,31.42,3.436,2.834,0.655,5.445,0.733,377.728,164.939,71.169,45.795,5.307,3.602,7.247,10.697
MCZ6927mesohippusbarbouri_3digits_bonejtrimmed.tif,5,140,55.663,50.612,37.472,1.8,50.612,37.472,-0.993,3.718,5.311,161.953,387.202,6.51,72.904,43.556,102.959,7.225,10.72,0.904,30.971,3.75,3.043,0.584,5.445,0.733,381.819,167.337,71.644,46.732,5.329,3.581,7.247,10.697
MCZ6927mesohippusbarbouri_3digits_bonejtrimmed.tif,5,141,55.766,50.599,37.514,1.8,50.599,37.514,-0.999,3.621,5.311,162.225,389.489,6.572,73.341,44.804,102.717,7.14,10.736,0.868,30.887,3.698,3.23,0.527,5.445,0.733,383.644,168.07,71.684,47.402,5.352,3.546,7.154,10.731
MCZ6927mesohippusbarbouri_3digits_bonejtrimmed.tif,5,142,55.809,50.602,37.566,1.8,50.602,37.566,-0.994,3.675,5.323,161.011,389.182,6.533,73.114,43.808,102.592,7.184,10.748,0.924,31.146,4.368,3.417,0.785,5.445,0.733,383.68,166.512,71.584,46.624,5.36,3.571,7.206,10.708
MCZ6927mesohippusbarbouri_3digits_bonejtrimmed.tif,5,143,55.65,50.6,37.616,1.8,50.6,37.616,-0.991,3.648,5.324,159.132,388.985,6.493,73.059,43.62,101.757,7.155,10.734,0.914,31.035,4.62,3.805,0.794,5.445,0.733,383.622,164.495,71.221,46.1,5.386,3.568,7.172,10.702
MCZ6927mesohippusbarbouri_3digits_bonejtrimmed.tif,5,144,53.691,50.707,37.605,1.8,50.707,37.605,-1.03,3.628,5.374,152.845,372.301,6.578,69.282,42.134,97.54,7.144,10.748,0.924,33.946,3.652,3.154,0.553,5.445,0.733,364.281,160.865,68.246,44.54,5.338,3.612,7.195,10.708
MCZ6927mesohippusbarbouri_3digits_bonejtrimmed.tif,5,145,50.826,50.866,37.548,1.8,50.866,37.548,-1.092,3.718,5.5,139.722,346.278,6.672,62.964,37.58,87.72,7.091,10.748,0.924,34.003,3.655,3.03,0.656,5.445,0.733,333.237,152.763,60.681,41.911,5.492,3.645,7.148,10.708
MCZ6927mesohippusbarbouri_3digits_bonejtrimmed.tif,5,146,46.993,51.078,37.423,1.8,51.078,37.423,-1.163,3.861,5.444,122.982,291.853,6.598,53.606,31.851,73.315,7.008,10.61,0.848,35.162,3.602,2.848,0.852,5.445,0.733,274.665,140.171,48.6,38.6,5.651,3.631,7.061,10.61
MCZ6927mesohippusbarbouri_3digits_bonejtrimmed.tif,5,147,39.224,51.492,37.189,1.8,51.492,37.189,-1.249,4.125,5.324,87.832,216.363,5.885,40.642,21.29,55.358,6.91,9.977,0.885,33.032,3.12,2.476,0.642,5.445,0.733,195.803,108.392,35.639,29.419,5.494,3.684,6.91,9.966
MCZ6927mesohippusbarbouri_3digits_bonejtrimmed.tif,5,148,36.017,51.6,37.349,1.8,51.6,37.349,-1.159,3.825,6.491,72.401,232.065,5.039,35.75,18.929,45.445,6.447,9.023,0.964,31.168,3.108,2.009,0.84,5.445,0.733,216.199,88.266,32.328,23.214,6.688,3.802,6.841,8.986
MCZ6927mesohippusbarbouri_3digits_bonejtrimmed.tif,5,149,38.487,51.324,37.729,1.8,51.324,37.729,-1.057,3.943,6.157,84.731,291.459,4.866,47.34,21.487,60.003,2.496,2.97,0.522,9.222,3.077,1.939,0.81,5.445,0.733,281.67,94.52,44.946,26.451,6.267,3.573,2.783,2.911
MCZ6927mesohippusbarbouri_3digits_bonejtrimmed.tif,5,150,34.727,50.999,37.705,1.8,50.999,37.705,-0.985,3.663,6.067,80.701,306.254,4.016,50.482,22.031,63.61,2.778,3.579,1.858,10.857,3.001,1.858,0.882,5.445,0.733,301.432,85.523,49.683,24.11,6.067,3.547,3.073,3.473
MCZ6927mesohippusbarbouri_3digits_bonejtrimmed.tif,5,151,28.826,50.18,38.125,1.8,50.18,38.125,-1.061,3.161,5.687,62.179,277.169,3.662,48.735,19.673,57.783,3.365,5.688,2.01,19.512,2.573,1.747,0.701,5.445,0.733,266.594,72.754,45.494,20.185,5.86,3.604,5.265,4.156
MCZ6927mesohippusbarbouri_3digits_bonejtrimmed.tif,5,152,37.63,50.27,38.45,1.8,50.27,38.45,-1.075,3.432,5.819,95.968,261.333,4.851,44.913,27.959,59.655,6.792,9.561,0.722,45.612,2.76,1.74,0.713,5.445,0.733,252.215,105.086,42.11,29.743,5.989,3.533,7.016,9.543
MCZ6927mesohippusbarbouri_3digits_bonejtrimmed.tif,5,153,45.52,50.39,38.511,1.8,50.39,38.511,-1.041,3.502,5.605,118.079,291.072,5.646,51.927,33.716,72.494,6.83,10.508,0.859,33.618,2.864,1.963,0.641,5.445,0.733,284.062,125.089,52.849,34.252,5.375,3.652,7.115,10.505
MCZ6927mesohippusbarbouri_3digits_bonejtrimmed.tif,5,154,48.587,50.437,38.453,1.8,50.437,38.453,-1.026,3.496,5.342,126.009,315.291,5.92,59.017,36.044,81.22,6.797,10.647,0.889,34.501,3.436,2.516,0.7,5.445,0.733,308.693,132.606,56.815,36.823,5.433,3.601,7.068,10.633
MCZ6927mesohippusbarbouri_3digits_bonejtrimmed.tif,5,155,51.051,50.477,38.336,1.8,50.477,38.336,-1.057,3.42,5.268,131.739,349.706,6.454,66.385,38.52,90.235,6.824,10.686,0.92,31.385,3.488,2.759,0.672,5.445,0.733,339.395,142.05,63.655,39.755,5.332,3.573,7.225,10.65
MCZ6927mesohippusbarbouri_3digits_bonejtrimmed.tif,5,156,51.848,50.528,38.287,1.8,50.528,38.287,-1.078,3.408,5.285,133.577,365.62,6.708,69.185,39.191,94.112,6.775,10.672,0.91,31.458,3.065,2.61,0.56,5.445,0.733,352.483,146.714,66.842,39.818,5.273,3.685,7.3,10.644
MCZ6927mesohippusbarbouri_3digits_bonejtrimmed.tif,5,157,51.781,50.551,38.302,1.8,50.551,38.302,-1.087,3.397,5.279,132.537,367.528,6.761,69.626,39.011,94.324,6.736,10.639,0.926,31.081,3.588,2.912,0.75,5.445,0.733,353.266,146.799,67.284,39.578,5.25,3.709,7.294,10.598
MCZ6927mesohippusbarbouri_3digits_bonejtrimmed.tif,5,158,51.824,50.576,38.334,1.8,50.576,38.334,-1.09,3.4,5.26,132.447,368.818,6.79,70.117,38.951,94.784,6.688,10.627,0.952,31.872,3.776,2.785,0.766,5.445,0.733,354.094,147.171,67.423,39,5.252,3.774,7.381,10.592
MCZ6927mesohippusbarbouri_3digits_bonejtrimmed.tif,5,159,51.72,50.588,38.373,1.8,50.588,38.373,-1.097,3.387,5.295,131.238,370.974,6.823,70.065,38.746,94.581,6.631,10.672,0.91,35.262,3.53,2.806,0.786,5.445,0.733,355.273,146.939,67.38,38.179,5.273,3.849,7.451,10.644
MCZ6927mesohippusbarbouri_3digits_bonejtrimmed.tif,5,160,52.298,50.609,38.392,1.8,50.609,38.392,-1.109,3.345,5.315,132.761,379.053,6.988,71.311,39.693,95.754,6.591,10.686,0.92,31.172,3.639,3.103,0.687,5.445,0.733,361.336,150.478,68.54,38.859,5.272,3.872,7.451,10.65
MCZ6927mesohippusbarbouri_3digits_bonejtrimmed.tif,5,161,52.286,50.622,38.429,1.8,50.622,38.429,-1.111,3.338,5.29,131.509,380.804,6.995,71.992,39.395,96.268,6.523,10.672,0.946,31.964,3.875,3.277,0.742,5.445,0.733,362.716,149.597,68.692,39.038,5.28,3.832,7.416,10.644
MCZ6927mesohippusbarbouri_3digits_bonejtrimmed.tif,5,162,51.976,50.645,38.438,1.8,50.645,38.438,-1.113,3.329,5.36,130.051,376.591,6.969,70.255,39.071,94.235,6.489,10.691,0.956,35.95,3.602,2.988,0.683,5.445,0.733,358.423,148.219,67.96,37.764,5.274,3.925,7.491,10.644
MCZ6927mesohippusbarbouri_3digits_bonejtrimmed.tif,5,163,51.939,50.676,38.483,1.8,50.676,38.483,-1.125,3.335,5.363,130.319,379.163,7.045,70.696,39.077,94.684,6.462,10.696,0.884,33.435,4.121,3.136,0.884,5.445,0.733,359.252,150.231,67.759,37.133,5.302,4.046,7.613,10.685
MCZ6927mesohippusbarbouri_3digits_bonejtrimmed.tif,5,164,51.58,50.707,38.51,1.8,50.707,38.51,-1.124,3.313,5.358,129.493,376.585,6.99,70.283,39.083,94.191,6.44,10.702,0.93,39.735,3.9,2.824,0.897,5.445,0.733,356.932,149.146,67.244,36.197,5.308,4.12,7.677,10.679
MCZ6927mesohippusbarbouri_3digits_bonejtrimmed.tif,5,165,51.44,50.737,38.547,1.8,50.737,38.547,-1.129,3.32,5.337,128.139,378.94,7.005,70.996,38.597,94.362,6.428,10.702,0.93,31.431,4.083,2.896,0.999,5.445,0.733,358.287,148.792,67.513,36.066,5.307,4.125,7.683,10.656
MCZ6927mesohippusbarbouri_3digits_bonejtrimmed.tif,5,166,51.501,50.773,38.6,1.8,50.773,38.6,-1.139,3.331,5.335,128.082,382.108,7.08,71.626,38.454,94.323,6.437,10.655,0.936,34.543,3.808,2.731,0.869,5.445,0.733,359.755,150.435,68.546,36.501,5.248,4.121,7.718,10.604
MCZ6927mesohippusbarbouri_3digits_bonejtrimmed.tif,5,167,50.862,50.798,38.621,1.8,50.798,38.621,-1.132,3.327,5.296,124.631,377.837,6.946,71.345,37.457,92.323,6.406,10.647,0.889,34.627,3.108,2.554,0.653,5.445,0.733,356.571,145.896,67.507,36.67,5.282,3.979,7.544,10.633
MCZ6927mesohippusbarbouri_3digits_bonejtrimmed.tif,5,168,50.26,50.822,38.646,1.8,50.822,38.646,-1.125,3.301,5.289,122.039,375.556,6.82,71.01,36.971,91.545,6.296,10.611,0.905,34.737,3.212,2.277,0.685,5.445,0.733,355.199,142.395,67.735,35.118,5.244,4.055,7.526,10.586
MCZ6927mesohippusbarbouri_3digits_bonejtrimmed.tif,5,169,50.278,50.834,38.691,1.8,50.834,38.691,-1.13,3.298,5.252,120.912,375.736,6.857,71.544,36.662,91.239,6.334,10.609,0.942,35.684,3.407,2.43,0.745,5.445,0.733,354.534,142.115,67.273,34.688,5.27,4.097,7.648,10.552
MCZ6927mesohippusbarbouri_3digits_bonejtrimmed.tif,5,170,50.455,50.868,38.741,1.8,50.868,38.741,-1.141,3.339,5.239,122.54,381.427,6.947,72.812,36.7,92.41,6.39,10.609,0.942,31.431,3.591,2.544,0.8,5.445,0.733,358.396,145.571,67.449,35.142,5.314,4.142,7.741,10.581
MCZ6927mesohippusbarbouri_3digits_bonejtrimmed.tif,5,171,50.217,50.897,38.765,1.8,50.897,38.765,-1.137,3.316,5.262,122.35,381.558,6.889,72.513,36.895,92.33,6.42,10.611,0.905,35.646,3.001,2.382,0.623,5.445,0.733,359.082,144.826,67.53,35.281,5.317,4.105,7.694,10.586
MCZ6927mesohippusbarbouri_3digits_bonejtrimmed.tif,5,172,50.205,50.922,38.786,1.8,50.922,38.786,-1.132,3.319,5.284,121.916,381.774,6.856,72.253,36.731,91.488,6.461,10.624,0.916,33.002,3.12,2.56,0.619,5.445,0.733,359.958,143.733,67.711,34.368,5.316,4.182,7.758,10.592
MCZ6927mesohippusbarbouri_3digits_bonejtrimmed.tif,5,173,49.706,50.949,38.813,1.8,50.949,38.813,-1.132,3.342,5.308,121.752,381.515,6.789,71.87,36.426,90.713,6.58,10.611,0.905,38.624,2.98,2.402,0.654,5.445,0.733,359.673,143.594,67.703,34.27,5.313,4.19,7.781,10.586
MCZ6927mesohippusbarbouri_3digits_bonejtrimmed.tif,5,174,49.834,50.977,38.841,1.8,50.977,38.841,-1.128,3.347,5.326,122.509,384.873,6.783,72.259,36.602,90.751,6.569,10.632,1.265,34.672,3.077,2.432,0.647,5.445,0.733,363.355,144.027,68.445,34.845,5.309,4.133,7.729,10.586
MCZ6927mesohippusbarbouri_3digits_bonejtrimmed.tif,5,175,49.585,50.995,38.872,1.8,50.995,38.872,-1.127,3.343,5.34,120.801,383.665,6.738,71.843,36.13,89.601,6.621,10.656,1.258,33.903,3.159,2.422,0.685,5.445,0.733,362.354,142.112,68.119,34.279,5.319,4.146,7.723,10.592
MCZ6927mesohippusbarbouri_3digits_bonejtrimmed.tif,5,176,49.335,51.024,38.888,1.8,51.024,38.888,-1.122,3.313,5.364,117.521,383.552,6.676,71.506,35.476,89.038,6.516,10.657,1.235,41.261,3.776,2.643,0.859,5.445,0.733,362.616,138.457,67.742,32.966,5.353,4.2,7.764,10.633
MCZ6927mesohippusbarbouri_3digits_bonejtrimmed.tif,5,177,49.664,51.065,38.934,1.8,51.065,38.934,-1.121,3.33,5.374,119.845,388.632,6.71,72.312,35.984,89.922,6.584,10.663,1.212,35.95,3.639,2.624,0.802,5.445,0.733,367.697,140.78,68.608,32.685,5.359,4.307,7.874,10.639
MCZ6927mesohippusbarbouri_3digits_bonejtrimmed.tif,5,178,49.554,51.113,38.937,1.8,51.113,38.937,-1.106,3.342,5.366,119.655,387.775,6.598,72.265,35.805,88.784,6.715,10.661,1.281,41.489,4.607,3.168,1.262,5.445,0.733,368.991,138.439,69.227,31.99,5.33,4.328,7.88,10.639
MCZ6927mesohippusbarbouri_3digits_bonejtrimmed.tif,5,179,48.903,51.143,38.939,1.8,51.143,38.939,-1.091,3.31,5.387,116.421,383.529,6.413,71.191,35.17,86.401,6.65,10.707,1.267,45.065,4.163,2.879,1.011,5.445,0.733,366.79,133.16,69.063,31.02,5.311,4.293,7.81,10.644
MCZ6927mesohippusbarbouri_3digits_bonejtrimmed.tif,5,180,48.952,51.174,38.975,1.8,51.174,38.975,-1.091,3.313,5.4,115.25,386.426,6.418,71.562,34.785,87.053,6.579,10.705,1.244,42.794,4.412,3.042,1.143,5.445,0.733,369.446,132.23,69.562,32.112,5.311,4.118,7.66,10.639
MCZ6927mesohippusbarbouri_3digits_bonejtrimmed.tif,5,181,48.629,51.214,38.996,1.8,51.214,38.996,-1.083,3.295,5.416,114.364,384.947,6.326,71.07,34.706,85.874,6.556,10.73,1.238,40.599,4.215,2.949,1.006,5.445,0.733,368.976,130.335,69.081,31.455,5.341,4.144,7.567,10.726
MCZ6927mesohippusbarbouri_3digits_bonejtrimmed.tif,5,182,48.416,51.249,39.006,1.8,51.249,39.006,-1.077,3.291,5.449,112.833,382.776,6.26,70.244,34.288,84.32,6.569,10.758,1.277,39.149,4.011,2.818,0.968,5.445,0.733,367.563,128.046,69.025,30.753,5.325,4.164,7.677,10.685
MCZ6927mesohippusbarbouri_3digits_bonejtrimmed.tif,5,183,48.477,51.274,39.033,1.8,51.274,39.033,-1.075,3.27,5.463,112.563,384.366,6.249,70.353,34.425,84.76,6.526,10.779,1.247,39.055,3.201,2.507,0.656,5.445,0.733,369.404,127.525,69.259,30.906,5.334,4.126,7.631,10.697
MCZ6927mesohippusbarbouri_3digits_bonejtrimmed.tif,5,184,47.924,51.303,39.037,1.8,51.303,39.037,-1.069,3.263,5.461,109.647,379.718,6.139,69.534,33.607,82.645,6.509,10.781,1.27,37.422,3.757,2.955,0.819,5.445,0.733,365.543,123.822,68.737,30.619,5.318,4.044,7.521,10.697
MCZ6927mesohippusbarbouri_3digits_bonejtrimmed.tif,5,185,47.948,51.34,39.067,1.8,51.34,39.067,-1.072,3.271,5.49,110.681,380.689,6.164,69.336,33.841,83.221,6.5,10.781,1.27,36.54,3.139,2.536,0.595,5.445,0.733,366.121,125.248,68.954,30.98,5.31,4.043,7.55,10.691
MCZ6927mesohippusbarbouri_3digits_bonejtrimmed.tif,5,186,47.595,51.361,39.105,1.8,51.361,39.105,-1.075,3.274,5.506,108.932,378.311,6.139,68.711,33.271,82.052,6.495,10.811,1.286,34.592,3.602,2.712,0.678,5.445,0.733,363.405,123.838,68.268,30.501,5.323,4.06,7.561,10.691
MCZ6927mesohippusbarbouri_3digits_bonejtrimmed.tif,5,187,47.297,51.375,39.168,1.8,51.375,39.168,-1.087,3.306,5.514,109.124,374.526,6.175,67.921,33.012,81.336,6.53,10.823,1.308,33.298,3.182,2.61,0.614,5.445,0.733,358.434,125.215,67.89,30.887,5.28,4.054,7.561,10.563
MCZ6927mesohippusbarbouri_3digits_bonejtrimmed.tif,5,188,45.149,51.275,39.314,1.8,51.275,39.314,-1.117,3.32,5.404,102.484,334.27,6.079,61.853,30.873,75.411,6.488,10.386,1.32,33.04,3.013,2.35,0.605,5.445,0.733,316.667,120.087,62.501,29.75,5.067,4.036,7.555,10.175
MCZ6927mesohippusbarbouri_3digits_bonejtrimmed.tif,5,189,44.523,51.296,39.332,1.8,51.296,39.332,-1.128,3.338,5.457,100.053,329.714,6.061,60.415,29.978,73.504,6.496,10.426,1.306,33.93,2.902,2.347,0.689,5.445,0.733,310.853,118.914,61.43,28.789,5.06,4.131,7.631,10.123
MCZ6927mesohippusbarbouri_3digits_bonejtrimmed.tif,5,190,43.963,51.299,39.35,1.8,51.299,39.35,-1.136,3.32,5.457,97.841,322.356,6.025,59.068,29.472,72.084,6.476,10.386,1.32,35.17,3.139,2.473,0.761,5.445,0.733,303.033,117.164,59.684,27.797,5.077,4.215,7.683,10.134
MCZ6927mesohippusbarbouri_3digits_bonejtrimmed.tif,5,191,42.752,51.311,39.296,1.8,51.311,39.296,-1.115,3.396,5.15,92.376,300.567,5.745,58.362,27.203,70.396,6.511,10.029,1.303,34.033,3.853,2.751,0.986,5.445,0.733,284.972,107.972,56.723,26.095,5.024,4.138,7.532,9.92
MCZ6927mesohippusbarbouri_3digits_bonejtrimmed.tif,5,192,42.241,51.319,39.326,1.8,51.319,39.326,-1.119,3.354,5.097,88.798,293.121,5.696,57.51,26.479,69.666,6.424,9.917,1.234,36.593,3.588,2.789,0.829,5.445,0.733,277.44,104.48,55.042,25.376,5.04,4.117,7.48,9.821
MCZ6927mesohippusbarbouri_3digits_bonejtrimmed.tif,5,193,40.951,51.368,39.298,1.8,51.368,39.298,-1.124,3.344,5.064,85.242,274.013,5.551,54.11,25.491,64.261,6.437,9.892,0.908,37,2.964,2.185,0.76,5.445,0.733,258.971,100.285,51.931,23.825,4.987,4.209,7.532,9.868
MCZ6927mesohippusbarbouri_3digits_bonejtrimmed.tif,5,194,41.17,51.369,39.398,1.8,51.369,39.398,-1.145,3.34,4.982,85.243,281.643,5.689,56.527,25.523,65.636,6.508,9.868,0.886,35.897,3.557,2.334,0.988,5.445,0.733,263.732,103.155,52.237,23.275,5.049,4.432,7.775,9.856
MCZ6927mesohippusbarbouri_3digits_bonejtrimmed.tif,5,195,40.623,51.374,39.487,1.8,51.374,39.487,-1.169,3.375,4.95,82.884,283.386,5.735,57.252,24.56,64.166,6.547,9.907,0.869,40.287,3.537,2.325,0.97,5.445,0.733,262.198,104.072,51.29,22.394,5.112,4.647,8.036,9.902
MCZ6927mesohippusbarbouri_3digits_bonejtrimmed.tif,5,196,40.781,51.381,39.542,1.8,51.381,39.542,-1.169,3.381,4.913,84.476,286.907,5.755,58.4,24.983,63.794,6.547,10.028,1.477,37.107,2.931,2.08,0.685,5.445,0.733,265.56,105.823,51.351,22.496,5.171,4.704,8.083,9.885
MCZ6927mesohippusbarbouri_3digits_bonejtrimmed.tif,5,197,40.501,51.368,39.567,1.8,51.368,39.567,-1.155,3.422,4.91,81.861,280.919,5.651,57.218,23.92,61.745,6.565,10.028,1.477,38.56,3.065,2.19,0.675,5.445,0.733,261.5,101.28,50.523,21.353,5.176,4.743,8.083,9.868
MCZ6927mesohippusbarbouri_3digits_bonejtrimmed.tif,5,198,40.045,51.349,39.6,1.8,51.349,39.6,-1.156,3.374,4.881,78.407,276.802,5.589,56.711,23.238,60.274,6.46,10.099,1.486,38.845,3.108,2.336,0.814,5.445,0.733,257.407,97.802,49.384,20.939,5.212,4.671,7.967,9.868
MCZ6927mesohippusbarbouri_3digits_bonejtrimmed.tif,5,199,39.978,51.369,39.652,1.8,51.369,39.652,-1.158,3.375,4.899,78.208,276.215,5.59,56.379,23.174,61.798,6.358,9.994,1.438,39.267,3.506,2.422,0.925,5.445,0.733,256.621,97.802,49.047,21.964,5.232,4.453,7.752,9.868
MCZ6927mesohippusbarbouri_3digits_bonejtrimmed.tif,5,200,39.984,51.383,39.693,1.8,51.383,39.693,-1.156,3.409,5.028,77.55,274.575,5.581,54.607,22.747,61.856,6.369,9.951,1.333,39.367,3.436,2.401,0.823,5.445,0.733,255.309,96.816,48.702,21.926,5.242,4.416,7.724,9.862
MCZ6927mesohippusbarbouri_3digits_bonejtrimmed.tif,5,201,40.27,51.42,39.741,1.8,51.42,39.741,-1.156,3.283,5.101,78.605,276.429,5.619,54.187,23.943,62.103,6.292,10.009,1.311,37.696,3.155,2.351,0.781,5.445,0.733,257.127,97.906,48.949,22.181,5.253,4.414,7.741,9.862
MCZ6927mesohippusbarbouri_3digits_bonejtrimmed.tif,5,202,40.83,51.477,39.783,1.8,51.477,39.783,-1.153,3.345,5.192,81.652,282.282,5.685,54.365,24.408,62.267,6.432,10.103,1.337,36.362,3.453,2.527,0.835,5.445,0.733,263,100.934,50.193,22.118,5.24,4.563,7.909,9.856
MCZ6927mesohippusbarbouri_3digits_bonejtrimmed.tif,5,203,40.86,51.507,39.802,1.8,51.507,39.802,-1.145,3.235,5.105,81.27,277.537,5.647,54.37,25.12,61.637,6.361,10.041,1.407,36.677,3.928,2.984,0.869,5.445,0.733,259.627,99.18,49.656,21.927,5.229,4.523,7.851,9.85
MCZ6927mesohippusbarbouri_3digits_bonejtrimmed.tif,5,204,40.307,51.52,39.813,1.8,51.52,39.813,-1.13,3.262,5.024,79.567,268.743,5.492,53.487,24.395,59.961,6.305,10.005,1.43,37.449,3.824,2.721,0.904,5.445,0.733,253.098,95.213,48.417,21.128,5.227,4.506,7.799,9.891
MCZ6927mesohippusbarbouri_3digits_bonejtrimmed.tif,5,205,40.641,51.563,39.817,1.8,51.563,39.817,-1.109,3.25,4.961,80.271,265.101,5.428,53.442,24.697,59.68,6.282,9.958,1.469,37.156,3.488,2.589,0.756,5.445,0.733,251.862,93.51,48.418,21.188,5.202,4.413,7.689,9.891
MCZ6927mesohippusbarbouri_3digits_bonejtrimmed.tif,5,206,40.526,51.583,39.853,1.8,51.583,39.853,-1.105,3.198,4.896,80.383,259.795,5.394,53.066,25.138,59.98,6.249,9.88,0.824,38.092,2.96,2.288,0.655,5.445,0.733,247.256,92.922,47.515,21.498,5.204,4.322,7.613,9.879
MCZ6927mesohippusbarbouri_3digits_bonejtrimmed.tif,5,207,40.653,51.603,39.937,1.8,51.603,39.937,-1.119,3.071,4.893,81.164,260.918,5.484,53.325,26.428,62.309,6.178,9.848,0.864,37.677,3.306,2.235,0.773,5.445,0.733,247.072,95.01,47.404,23.266,5.212,4.084,7.399,9.844
MCZ6927mesohippusbarbouri_3digits_bonejtrimmed.tif,5,208,40.136,51.632,40.023,1.8,51.632,40.023,-1.123,3.061,4.87,80.563,259.546,5.434,53.3,26.32,62.52,6.007,9.857,0.875,39.157,3.561,2.474,0.877,5.445,0.733,245.407,94.702,46.689,24.651,5.256,3.842,7.196,9.85
MCZ6927mesohippusbarbouri_3digits_bonejtrimmed.tif,5,209,40.355,51.609,40.113,1.8,51.609,40.113,-1.137,3.046,4.81,80.381,251.343,5.537,52.257,26.385,60.693,5.91,9.84,0.853,39.127,4.284,2.891,1.264,5.445,0.733,236.504,95.22,44.395,24.954,5.327,3.816,7.155,9.839
MCZ6927mesohippusbarbouri_3digits_bonejtrimmed.tif,5,210,40.118,51.607,40.183,1.8,51.607,40.183,-1.141,3.04,4.834,80.026,238.949,5.526,49.434,26.326,59.576,5.93,9.77,0.899,36.704,4.026,2.866,1.045,5.445,0.733,224.782,94.192,42.464,24.64,5.293,3.823,7.092,9.752
MCZ6927mesohippusbarbouri_3digits_bonejtrimmed.tif,5,211,39.85,51.589,40.263,1.8,51.589,40.263,-1.148,3.022,4.881,80.556,228.518,5.522,46.817,26.658,59.095,5.921,9.741,1.15,36.722,3.488,2.556,0.796,5.445,0.733,214.769,94.304,41.143,25.8,5.22,3.655,6.97,9.607
MCZ6927mesohippusbarbouri_3digits_bonejtrimmed.tif,5,212,40.227,51.553,40.371,1.8,51.553,40.371,-1.152,3,4.955,82.954,229.405,5.594,46.3,27.65,59.212,5.931,8.872,1.685,29.715,3.602,2.626,0.91,5.445,0.733,215.454,96.905,40.869,26.466,5.272,3.661,7.01,8.563
MCZ6927mesohippusbarbouri_3digits_bonejtrimmed.tif,5,213,41.079,51.598,40.404,1.8,51.598,40.404,-1.145,3.025,4.922,85.706,231.759,5.676,47.09,28.334,61.493,5.981,8.987,1.632,27.722,4.215,3.137,1.095,5.445,0.733,218.448,99.017,42.314,27.457,5.163,3.606,6.964,8.638
MCZ6927mesohippusbarbouri_3digits_bonejtrimmed.tif,5,214,41.389,51.649,40.475,1.8,51.649,40.475,-1.115,3.077,4.968,90.756,224.917,5.561,45.278,29.496,62.015,6.13,9.027,1.458,27.649,5.304,4.383,1.439,5.445,0.733,214.878,100.795,42.282,28.167,5.082,3.578,6.975,8.865
MCZ6927mesohippusbarbouri_3digits_bonejtrimmed.tif,5,215,42.631,51.731,40.453,1.8,51.731,40.453,-1.109,3.107,4.709,94.709,235.268,5.694,49.964,30.483,66.383,6.2,9.55,0.901,28.714,4.393,3.916,1.007,5.445,0.733,225.186,104.791,45.729,28.32,4.924,3.7,7.132,9.531
MCZ6927mesohippusbarbouri_3digits_bonejtrimmed.tif,5,216,44.571,51.831,40.517,1.8,51.831,40.517,-1.16,3.194,5.45,103.206,274.252,6.245,50.325,32.309,64.043,6.349,10.537,1.324,32.287,4.371,3.652,1.173,5.445,0.733,257.089,120.37,50.62,26.997,5.079,4.459,7.474,9.786
MCZ6927mesohippusbarbouri_3digits_bonejtrimmed.tif,5,217,45.454,51.865,40.596,1.8,51.865,40.596,-1.199,3.223,5.516,107.338,287.82,6.576,52.177,33.302,67.062,6.424,10.613,1.326,31.039,4.244,3.491,1.043,5.445,0.733,265.269,129.889,52.883,30.832,5.016,4.213,7.747,9.687
MCZ6927mesohippusbarbouri_3digits_bonejtrimmed.tif,5,218,46.147,51.906,40.656,1.8,51.906,40.656,-1.214,3.272,5.531,111.059,289.189,6.751,52.282,33.946,68.55,6.462,10.557,1.317,31.663,4.524,3.631,0.999,5.445,0.733,265.197,135.05,53.681,32.153,4.94,4.2,7.787,9.594
MCZ6927mesohippusbarbouri_3digits_bonejtrimmed.tif,5,219,47.194,51.927,40.749,1.8,51.927,40.749,-1.223,3.303,5.589,116.717,296.441,6.953,53.042,35.337,70.063,6.508,10.652,1.312,32.884,4.326,3.438,1.1,5.445,0.733,271.048,142.11,54.835,33.712,4.943,4.215,7.834,9.554
MCZ6927mesohippusbarbouri_3digits_bonejtrimmed.tif,5,220,48.648,52.067,40.723,1.8,52.067,40.723,-1.137,3.642,5.402,129.984,312.761,6.674,57.902,35.695,77.21,6.852,10.437,1.275,38.487,4.737,3.468,1.37,5.445,0.733,296.916,145.829,54.297,34.686,5.468,4.204,7.857,9.896
MCZ6927mesohippusbarbouri_3digits_bonejtrimmed.tif,5,221,50.242,52.174,40.766,1.8,52.174,40.766,-1.093,3.522,5.334,143.613,326.901,6.605,61.283,40.78,81.008,7.005,10.481,1.315,40.987,4.163,3.258,1.235,5.445,0.733,315.2,155.314,57.328,36.878,5.498,4.212,7.932,10.314
MCZ6927mesohippusbarbouri_3digits_bonejtrimmed.tif,5,222,50.88,52.22,40.797,1.8,52.22,40.797,-1.089,3.562,5.351,149.917,328.227,6.662,61.344,42.083,82.657,6.957,10.481,1.315,31.819,3.75,2.657,1.033,5.445,0.733,317.182,160.962,57.343,39.841,5.531,4.04,7.805,9.548
MCZ6927mesohippusbarbouri_3digits_bonejtrimmed.tif,5,223,50.181,52.271,40.752,1.8,52.271,40.752,-1.026,3.586,5.249,149.15,312.899,6.117,59.609,41.596,80.871,7.02,10.363,1.273,32.222,3.853,2.68,1.033,5.445,0.733,307.171,154.878,56.465,40.809,5.44,3.795,7.294,9.606
MCZ6927mesohippusbarbouri_3digits_bonejtrimmed.tif,5,224,51.811,52.326,40.858,1.8,52.326,40.858,-1.06,3.666,5.295,160.964,338.082,6.573,63.848,43.907,87.831,7.129,10.434,1.251,32.903,3.28,2.374,0.817,5.445,0.733,329.472,169.574,60.221,44.434,5.471,3.816,7.642,9.786
MCZ6927mesohippusbarbouri_3digits_bonejtrimmed.tif,5,225,52.036,52.359,40.941,1.8,52.359,40.941,-1.082,3.721,5.319,169.08,345.842,6.762,65.017,45.442,90.792,7.284,10.558,1.263,33.93,3.216,2.243,0.797,5.445,0.733,335.5,179.423,60.948,45.68,5.505,3.928,7.712,9.989
MCZ6927mesohippusbarbouri_3digits_bonejtrimmed.tif,5,226,52.724,52.408,40.994,1.8,52.408,40.994,-1.097,3.782,5.386,182.419,355.473,6.96,66.001,48.229,95.212,7.516,10.691,1.009,41.226,3.029,2.056,0.776,5.445,0.733,344.089,193.803,61.788,49.522,5.569,3.913,7.909,10.534
MCZ6927mesohippusbarbouri_3digits_bonejtrimmed.tif,5,227,52.59,52.477,40.996,1.8,52.477,40.996,-1.081,3.847,5.825,191.185,363.189,6.823,62.346,49.701,89.739,7.659,11.37,1.03,44.239,3.073,1.951,0.791,5.445,0.733,353.238,201.136,57.484,49.99,6.145,4.024,8.088,11.201
MCZ6927mesohippusbarbouri_3digits_bonejtrimmed.tif,5,228,53.259,52.536,41.04,1.8,52.536,41.04,-1.096,3.938,5.504,202.705,368.499,7.02,66.95,51.471,100.168,7.808,10.933,1.056,42.824,2.98,1.837,0.8,5.445,0.733,357.713,213.49,63.958,52.916,5.593,4.034,8.094,10.708
MCZ6927mesohippusbarbouri_3digits_bonejtrimmed.tif,5,229,53.484,52.574,41.101,1.8,52.574,41.101,-1.133,3.931,5.554,215.107,373.164,7.309,67.188,54.716,102.728,7.857,10.98,1.177,44.338,2.847,1.794,0.787,5.445,0.733,359.832,228.44,64.172,54.98,5.607,4.155,8.419,10.749
MCZ6927mesohippusbarbouri_3digits_bonejtrimmed.tif,5,230,54.567,52.646,41.197,1.8,52.646,41.197,-1.178,4.003,5.61,231.491,389.696,7.761,69.463,57.83,109.346,7.932,11.072,1.158,32.375,2.67,1.627,0.788,5.445,0.733,372.103,249.083,66.022,58.133,5.636,4.285,8.599,10.603
MCZ6927mesohippusbarbouri_3digits_bonejtrimmed.tif,5,231,56.946,52.722,41.245,1.8,52.722,41.245,-1.199,4.143,5.668,254.353,411.719,8.239,72.645,61.39,116.992,8.21,11.135,1.145,34.802,2.596,1.589,0.722,5.445,0.733,392.064,274.008,69.969,61.834,5.603,4.431,8.877,10.812
MCZ6927mesohippusbarbouri_3digits_bonejtrimmed.tif,5,232,58.632,52.759,41.272,1.8,52.759,41.272,-1.202,4.327,5.714,280.457,437.525,8.503,76.576,64.822,125.269,8.424,11.338,1.092,41.078,2.684,1.49,0.715,5.445,0.733,417.583,300.399,73.972,62.727,5.645,4.789,9.132,11.056
MCZ6927mesohippusbarbouri_3digits_bonejtrimmed.tif,5,233,59.648,52.812,41.259,1.8,52.812,41.259,-1.174,4.413,5.867,300.607,454.363,8.453,77.449,68.118,128.456,8.612,11.513,1.092,36.978,2.206,1.392,0.621,5.445,0.733,437.683,317.288,77.52,67.1,5.646,4.729,9.358,11.224
MCZ6927mesohippusbarbouri_3digits_bonejtrimmed.tif,5,234,59.8,52.82,41.272,1.8,52.82,41.272,-1.189,4.477,6.05,311.11,477.769,8.581,78.975,69.496,130.119,8.758,11.723,1.086,36.822,2.437,1.298,0.65,5.445,0.733,458.083,330.796,80.899,68.487,5.662,4.83,9.363,11.363
MCZ6927mesohippusbarbouri_3digits_bonejtrimmed.tif,5,235,59.629,52.834,41.282,1.8,52.834,41.282,-1.229,4.707,6.229,330.539,488.977,8.824,78.495,70.217,131.534,8.814,11.902,1.072,35.996,2.34,1.263,0.646,5.445,0.733,465.914,353.601,80.231,69.618,5.807,5.079,9.595,11.577
MCZ6927mesohippusbarbouri_3digits_bonejtrimmed.tif,5,236,60.39,52.807,41.314,1.8,52.807,41.314,-1.242,4.926,6.415,343.131,515.704,9.015,80.392,69.657,133.859,8.807,12.174,1.099,36.05,2.173,1.173,0.624,5.445,0.733,489.041,369.794,82.26,69.409,5.945,5.328,9.856,11.803
MCZ6927mesohippusbarbouri_3digits_bonejtrimmed.tif,5,237,60.384,52.772,41.267,1.8,52.772,41.267,-1.215,5.157,6.566,340.728,541.104,8.84,82.411,66.07,134.22,8.987,12.291,1.153,38.624,1.998,1.174,0.56,5.445,0.733,513.999,367.833,84.086,66.592,6.113,5.524,9.984,12.088
MCZ6927mesohippusbarbouri_3digits_bonejtrimmed.tif,5,238,59.714,52.741,41.233,1.8,52.741,41.233,-1.205,5.377,6.741,332.243,553.996,8.682,82.178,61.793,131.432,9.047,12.577,1.052,38.407,2.361,1.236,0.672,5.445,0.733,525.355,360.883,84.198,63.148,6.24,5.715,10.047,12.291
MCZ6927mesohippusbarbouri_3digits_bonejtrimmed.tif,5,239,58.382,52.756,41.209,1.8,52.756,41.209,-1.156,5.444,6.848,314.258,557.078,8.153,81.352,57.729,127.157,9.028,12.842,1.028,83.025,2.52,1.164,0.694,5.445,0.733,533.25,338.087,83.017,57.37,6.423,5.893,10.088,12.609
MCZ6927mesohippusbarbouri_3digits_bonejtrimmed.tif,5,240,55.59,52.597,41.16,1.8,52.597,41.16,-1.069,5.41,6.661,243.849,541.398,7.123,81.284,45.071,116.473,8.542,12.767,1.115,39.545,1.687,0.889,0.487,5.445,0.733,525.744,259.503,84.209,45.091,6.243,5.755,9.711,12.499
MCZ6927mesohippusbarbouri_3digits_bonejtrimmed.tif,5,241,44.547,52.255,40.815,1.8,52.255,40.815,-0.964,5.297,6.495,118.646,468.289,5.013,72.102,22.398,85.463,6.986,12.668,1.077,59.421,2.093,0.765,0.542,5.445,0.733,462.717,124.218,74.993,22.267,6.17,5.579,7.306,12.441
MCZ6927mesohippusbarbouri_3digits_bonejtrimmed.tif,5,242,22.657,51.721,40.899,1.8,51.721,40.899,-0.97,3.69,6.531,71.717,245.112,2.571,37.53,19.433,46.841,2.983,7.866,1.041,37.158,1.395,0.561,0.413,5.445,0.733,242.078,74.75,36.096,17.61,6.706,4.245,3.12,7.705
MCZ6927mesohippusbarbouri_3digits_bonejtrimmed.tif,5,243,4.301,50.116,42.08,1.8,50.116,42.08,1.422,1.588,4.913,2.005,28.944,0.701,5.892,1.263,6.27,1.209,4.99,1.135,12.945,1.092,0.76,0.256,5.445,0.733,12.907,18.041,3.728,4.075,3.462,4.427,1.978,4.818
MCZ6927mesohippusbarbouri_3digits_bonejtrimmed.tif,5,244,NaN,NaN,NaN,0,0,0,NaN,NaN,NaN,NaN,NaN,NaN,NaN,NaN,NaN,NaN,NaN,NaN,NaN,NaN,NaN,NaN,5.445,0.733,NaN,NaN,NaN,NaN,NaN,NaN,NaN,NaN
MCZ6927mesohippusbarbouri_3digits_bonejtrimmed.tif,5,245,NaN,NaN,NaN,0,0,0,NaN,NaN,NaN,NaN,NaN,NaN,NaN,NaN,NaN,NaN,NaN,NaN,NaN,NaN,NaN,NaN,5.445,0.733,NaN,NaN,NaN,NaN,NaN,NaN,NaN,NaN
MCZ6927mesohippusbarbouri_3digits_bonejtrimmed.tif,5,246,NaN,NaN,NaN,0,0,0,NaN,NaN,NaN,NaN,NaN,NaN,NaN,NaN,NaN,NaN,NaN,NaN,NaN,NaN,NaN,NaN,5.445,0.733,NaN,NaN,NaN,NaN,NaN,NaN,NaN,NaN
MCZ6927mesohippusbarbouri_3digits_bonejtrimmed.tif,5,247,NaN,NaN,NaN,0,0,0,NaN,NaN,NaN,NaN,NaN,NaN,NaN,NaN,NaN,NaN,NaN,NaN,NaN,NaN,NaN,NaN,5.445,0.733,NaN,NaN,NaN,NaN,NaN,NaN,NaN,NaN
